player_name,team,league,age,position,minutes_played,appearances,goals,assists,shots_on_target,key_passes,tackles,team_ppg,league_position,market_value_m,season,value_date,sofascore_id,tm_player_id,match_method
Lamine Yamal,FC Barcelona,La Liga,18.9,Midfielder,2268,28,16,11,37,73,35,2.474,1,200.0,25/26,2026-06-05,1402912,937958,slug
Kylian Mbappé,Real Madrid,La Liga,27.5,Forward,2604,31,25,5,63,65,4,2.263,2,180.0,25/26,2026-06-05,826643,342229,slug
Pedri,FC Barcelona,La Liga,23.5,Midfielder,2107,29,2,9,10,64,50,2.474,1,150.0,25/26,2026-06-05,992587,683840,slug
Vinícius Júnior,Real Madrid,La Liga,25.9,Forward,2825,36,16,5,46,70,29,2.263,2,140.0,25/26,2026-06-05,868812,371998,slug
Jude Bellingham,Real Madrid,La Liga,22.9,Midfielder,1917,28,6,4,26,36,51,2.263,2,130.0,25/26,2026-06-05,991011,581678,slug
Julián Alvarez,Atlético Madrid,La Liga,26.3,Forward,1902,29,8,4,26,47,21,1.816,4,100.0,25/26,2026-06-05,944656,576024,slug
Fermín López,FC Barcelona,La Liga,23.1,Midfielder,1797,30,6,9,25,34,48,2.474,1,100.0,25/26,2026-06-05,1153270,636703,slug
Federico Valverde,Real Madrid,La Liga,27.9,Midfielder,2746,33,5,8,22,43,41,2.263,2,90.0,25/26,2026-06-05,831808,369081,slug
Arda Güler,Real Madrid,La Liga,21.3,Midfielder,2026,33,4,9,19,70,46,2.263,2,90.0,25/26,2026-06-05,1091116,861410,slug
Pau Cubarsí,FC Barcelona,La Liga,19.4,Defender,2708,31,1,0,2,5,42,2.474,1,80.0,25/26,2026-06-05,1402913,962110,slug
Raphinha,FC Barcelona,La Liga,29.5,Midfielder,1388,22,13,3,24,43,15,2.474,1,70.0,25/26,2026-06-05,831005,411295,slug
Aurélien Tchouaméni,Real Madrid,La Liga,26.4,Midfielder,2622,33,1,0,7,25,68,2.263,2,70.0,25/26,2026-06-05,859025,413112,slug
Dani Olmo,FC Barcelona,La Liga,28.1,Midfielder,2077,33,7,8,21,49,33,2.474,1,60.0,25/26,2026-06-05,789071,293385,slug
Trent Alexander-Arnold,Real Madrid,La Liga,27.7,Defender,1169,21,0,4,2,29,14,2.263,2,60.0,25/26,2026-06-05,795064,314353,slug
Jules Koundé,FC Barcelona,La Liga,27.6,Defender,2269,30,1,3,4,23,47,2.474,1,60.0,25/26,2026-06-05,827212,411975,slug
Dean Huijsen,Real Madrid,La Liga,21.1,Defender,2037,28,2,2,5,10,31,2.263,2,60.0,25/26,2026-06-05,1176744,890290,slug
Pablo Barrios,Atlético Madrid,La Liga,23.0,Midfielder,1666,23,1,1,6,20,30,1.816,4,55.0,25/26,2026-06-05,1142588,775605,slug
Ferran Torres,FC Barcelona,La Liga,26.3,Forward,1984,33,16,2,37,23,7,2.474,1,50.0,25/26,2026-06-05,855833,398184,slug
Eduardo Camavinga,Real Madrid,La Liga,23.6,Midfielder,1532,29,1,0,2,15,65,2.263,2,50.0,25/26,2026-06-05,973887,640428,slug
Alejandro Balde,FC Barcelona,La Liga,22.6,Defender,1874,28,0,2,1,24,35,2.474,1,50.0,25/26,2026-06-05,997035,636688,slug
Alberto Moleiro,Villarreal,La Liga,22.7,Midfielder,2490,37,10,5,20,37,30,1.895,3,50.0,25/26,2026-06-05,1012444,733576,slug
Álvaro Carreras,Real Madrid,La Liga,23.2,Defender,2340,28,2,3,3,30,41,2.263,2,50.0,25/26,2026-06-05,1085081,811778,slug
Rodrygo,Real Madrid,La Liga,25.4,Forward,680,19,1,3,11,17,13,2.263,2,45.0,25/26,2026-06-05,910536,412363,slug
Franco Mastantuono,Real Madrid,La Liga,18.8,Forward,1049,23,1,0,7,16,20,2.263,2,45.0,25/26,2026-06-05,1403559,1057316,slug
Marcus Rashford,FC Barcelona,La Liga,28.6,Forward,1761,32,8,7,29,46,8,2.474,1,40.0,25/26,2026-06-05,814590,258923,slug
Ademola Lookman,Atlético Madrid,La Liga,28.6,Forward,622,12,4,0,5,10,5,1.816,4,40.0,25/26,2026-06-05,824200,406040,slug
Eric García,FC Barcelona,La Liga,25.4,Defender,2730,34,1,2,7,31,74,2.474,1,40.0,25/26,2026-06-05,876214,466794,slug
Pape Gueye,Villarreal,La Liga,27.4,Midfielder,2143,30,5,2,13,24,40,1.895,3,40.0,25/26,2026-06-05,879694,485963,slug
Alex Baena,Atlético Madrid,La Liga,24.9,Midfielder,1572,27,2,3,7,46,18,1.816,4,40.0,25/26,2026-06-05,910031,548111,slug
Antony,Real Betis,La Liga,26.3,Midfielder,2459,32,8,6,34,56,39,1.579,5,40.0,25/26,2026-06-05,958380,602105,slug
Abdessamad Ezzalzouli,Real Betis,La Liga,24.5,Midfielder,2255,29,10,8,26,32,53,1.579,5,40.0,25/26,2026-06-05,1011375,724520,fuzzy 83
Nico Williams,Athletic Club,La Liga,23.9,Midfielder,1687,25,6,3,16,34,15,1.184,12,40.0,25/26,2026-06-05,1085400,709187,slug
Giuliano Simeone,Atlético Madrid,La Liga,23.5,Midfielder,2109,31,4,6,14,31,45,1.816,4,40.0,25/26,2026-06-05,1099352,742201,slug
Frenkie de Jong,FC Barcelona,La Liga,29.1,Midfielder,1637,25,1,5,2,35,45,2.474,1,35.0,25/26,2026-06-05,795222,326330,slug
Dávid Hancko,Atlético Madrid,La Liga,28.5,Defender,2434,30,0,2,5,13,43,1.816,4,35.0,25/26,2026-06-05,807771,404418,slug
Brahim Díaz,Real Madrid,La Liga,26.8,Midfielder,1284,30,1,6,7,30,15,2.263,2,35.0,25/26,2026-06-05,835485,314678,slug
Marc Pubill,Atlético Madrid,La Liga,23.0,Defender,1382,19,1,1,4,3,25,1.816,4,35.0,25/26,2026-06-05,1094106,844637,slug
Gerard Martín,FC Barcelona,La Liga,24.3,Defender,2140,32,0,0,4,13,40,2.474,1,35.0,25/26,2026-06-05,1094827,705395,slug
Conor Gallagher,Atlético Madrid,La Liga,26.3,Midfielder,665,19,2,0,5,4,17,1.816,4,32.0,25/26,2026-06-03,904970,488362,slug
Georges Mikautadze,Villarreal,La Liga,25.6,Forward,2117,32,13,6,32,28,6,1.895,3,30.0,25/26,2026-06-05,1009372,729814,slug
Víctor Muñoz,Osasuna,La Liga,22.9,Forward,2668,34,6,2,31,27,22,1.105,17,30.0,25/26,2026-06-05,1145642,935231,slug
Gonzalo García,Real Madrid,La Liga,22.2,Forward,988,30,6,1,11,13,11,2.263,2,30.0,25/26,2026-06-05,1402716,935230,slug
Vitor Reis,Girona FC,La Liga,20.4,Defender,3138,36,1,1,4,9,50,1.079,19,30.0,25/26,2026-06-05,1485300,1005575,name
Mikel Jauregizar,Athletic Club,La Liga,22.6,Midfielder,2843,36,2,0,11,28,68,1.184,12,30.0,25/26,2026-06-05,1495844,938729,slug
Marc Bernal,FC Barcelona,La Liga,19.0,Midfielder,795,22,2,1,2,5,26,2.474,1,30.0,25/26,2026-06-05,1526618,1018920,slug
Matteo Ruggeri,Atlético Madrid,La Liga,23.9,Defender,1775,26,0,3,2,26,36,1.816,4,28.0,25/26,2026-06-05,965011,616631,slug
Mikel Oyarzabal,Real Sociedad,La Liga,29.1,Forward,2714,34,15,4,36,42,29,1.211,10,25.0,25/26,2026-06-05,823622,351478,slug
Oihan Sancet,Athletic Club,La Liga,26.1,Midfielder,1803,28,4,0,15,27,25,1.184,12,25.0,25/26,2026-06-05,966801,571020,slug
Natan,Real Betis,La Liga,25.3,Defender,2810,33,0,0,1,7,32,1.579,5,25.0,25/26,2026-06-05,1015287,735568,slug
Renato Veiga,Villarreal,La Liga,22.9,Defender,2485,32,0,0,3,3,19,1.895,3,25.0,25/26,2026-06-05,1087359,805714,slug
Javier Guerra,Valencia,La Liga,23.1,Midfielder,2086,36,4,6,12,32,29,1.289,9,25.0,25/26,2026-06-05,1122610,834764,fuzzy 92
Jon Gorrotxategi,Real Sociedad,La Liga,24.3,Midfielder,2215,30,1,3,1,18,45,1.211,10,25.0,25/26,2026-06-05,1216309,711374,slug
Carlos Romero,Espanyol,La Liga,24.6,Defender,3195,36,6,3,12,27,97,1.211,11,25.0,25/26,2026-06-05,1396048,709372,slug
Jon Martin,Real Sociedad,La Liga,20.1,Defender,2250,25,2,0,5,2,31,1.211,10,25.0,25/26,2026-06-05,1466116,1018938,name
Nicolás González,Atlético Madrid,La Liga,28.2,Midfielder,1460,24,5,0,20,12,24,1.816,4,22.0,25/26,2026-06-05,901325,486031,fuzzy 90
Marcos Llorente,Atlético Madrid,La Liga,31.3,Defender,2184,29,0,4,6,20,59,1.816,4,20.0,25/26,2026-06-05,353138,282411,slug
Robin Le Normand,Atlético Madrid,La Liga,29.6,Defender,1789,28,1,1,1,2,35,1.816,4,20.0,25/26,2026-06-05,787751,351809,slug
Éder Militão,Real Madrid,La Liga,28.4,Defender,1141,16,2,1,9,8,23,2.263,2,20.0,25/26,2026-06-05,822519,401530,slug
Takefusa Kubo,Real Sociedad,La Liga,25.0,Midfielder,1508,24,2,4,12,33,29,1.211,10,20.0,25/26,2026-06-05,880218,405398,slug
Dani Vivian,Athletic Club,La Liga,26.9,Defender,2563,31,1,0,6,6,55,1.184,12,20.0,25/26,2026-06-05,910978,524000,slug
Ronald Araújo,FC Barcelona,La Liga,27.2,Defender,1072,24,3,0,5,3,21,2.474,1,20.0,25/26,2026-06-05,925097,480267,slug
David Affengruber,Elche,La Liga,25.2,Defender,2953,36,1,1,4,8,74,1.132,15,20.0,25/26,2026-06-05,988672,452483,slug
Johnny Cardoso,Atlético Madrid,La Liga,24.7,Midfielder,892,15,0,0,0,3,37,1.816,4,20.0,25/26,2026-06-05,990169,689505,slug
Orri Óskarsson,Real Sociedad,La Liga,21.8,Forward,842,20,9,0,19,5,7,1.211,10,20.0,25/26,2026-06-05,1026015,660438,name
Williot Swedberg,Celta Vigo,La Liga,22.3,Midfielder,1268,29,5,5,12,10,28,1.421,6,20.0,25/26,2026-06-05,1126779,764859,slug
Sergi Altimira,Real Betis,La Liga,24.8,Midfielder,1198,24,1,2,3,11,51,1.579,5,20.0,25/26,2026-06-05,1137814,466801,slug
Raúl Asencio,Real Madrid,La Liga,23.3,Defender,1706,23,2,0,4,5,17,2.263,2,20.0,25/26,2026-06-05,1156645,935245,slug
Rodrigo Mendoza,Atlético Madrid,La Liga,21.2,Midfielder,1231,24,1,1,4,15,16,1.816,4,20.0,25/26,2026-06-05,1391752,961297,slug
Santiago Mouriño,Villarreal,La Liga,24.3,Defender,2384,28,1,2,3,8,102,1.895,3,20.0,25/26,2026-06-05,1468046,953901,slug
Carlos Espí,Levante UD,La Liga,20.9,Forward,1350,25,11,0,24,9,13,1.105,16,20.0,25/26,2026-06-05,1649918,1063338,name
Alexander Sørloth,Atlético Madrid,La Liga,30.5,Forward,1981,35,13,0,35,10,14,1.816,4,18.0,25/26,2026-06-05,309078,238407,name
Óscar Mingueza,Celta Vigo,La Liga,27.1,Midfielder,1967,34,1,4,5,32,42,1.421,6,18.0,25/26,2026-06-05,859773,331505,slug
Cucho Hernández,Real Betis,La Liga,27.1,Forward,2592,32,11,3,27,34,28,1.579,5,18.0,25/26,2026-06-05,887055,459463,slug
Andrei Rațiu,Rayo Vallecano,La Liga,28.0,Defender,2810,35,0,4,9,43,70,1.316,8,18.0,25/26,2026-06-05,965031,527966,slug
Ander Barrenetxea,Real Sociedad,La Liga,24.4,Midfielder,1769,30,3,5,11,44,30,1.211,10,18.0,25/26,2026-06-05,966862,616369,slug
Marc Casadó,FC Barcelona,La Liga,22.7,Midfielder,999,24,0,1,0,14,18,2.474,1,18.0,25/26,2026-06-05,1000483,636695,slug
Javi Rodríguez,Celta Vigo,La Liga,22.9,Defender,2561,33,0,1,2,10,38,1.421,6,18.0,25/26,2026-06-05,1526627,1076815,slug
Fer López,Celta Vigo,La Liga,22.0,Midfielder,1174,17,1,1,5,13,20,1.421,6,16.0,25/26,2026-06-05,1526628,1064471,slug
Viktor Tsygankov,Girona FC,La Liga,28.6,Midfielder,2641,32,6,5,21,56,31,1.079,19,15.0,25/26,2026-06-05,319735,264372,slug
Nahuel Molina,Atlético Madrid,La Liga,28.2,Defender,1332,26,2,2,4,21,40,1.816,4,15.0,25/26,2026-06-05,831799,424042,slug
Sergio Gómez,Real Sociedad,La Liga,25.7,Defender,2705,35,0,6,0,45,88,1.211,10,15.0,25/26,2026-06-05,855835,366930,slug
Thiago Almada,Atlético Madrid,La Liga,25.1,Midfielder,1312,27,3,1,10,28,29,1.816,4,15.0,25/26,2026-06-05,944660,576028,slug
Akor Adams,Sevilla,La Liga,26.3,Forward,2070,32,10,3,30,13,8,1.132,13,15.0,25/26,2026-06-05,946381,607034,slug
Lucien Agoumé,Sevilla,La Liga,24.3,Midfielder,2693,34,1,3,2,29,70,1.132,13,15.0,25/26,2026-06-05,960006,569384,slug
Ilaix Moriba,Celta Vigo,La Liga,23.4,Midfielder,2495,36,2,3,5,17,87,1.421,6,15.0,25/26,2026-06-05,962890,617074,slug
Vladyslav Vanat,Girona FC,La Liga,24.4,Forward,1960,27,9,1,18,12,5,1.079,19,15.0,25/26,2026-06-05,976374,631821,slug
Samú Costa,Mallorca,La Liga,25.5,Midfielder,2705,34,7,2,16,17,65,1.105,18,15.0,25/26,2026-06-05,988351,657430,name
Carlos Álvarez,Levante UD,La Liga,22.8,Midfielder,1907,30,3,1,11,40,22,1.105,16,15.0,25/26,2026-06-05,1010656,668179,slug
Omar El Hilali,Espanyol,La Liga,22.7,Defender,2828,36,0,2,0,17,73,1.211,11,15.0,25/26,2026-06-05,1064026,822331,slug
Enzo Boyomo,Osasuna,La Liga,24.7,Defender,2545,30,1,2,4,9,58,1.105,17,15.0,25/26,2026-06-05,1067582,541555,slug
Jon Aramburu,Real Sociedad,La Liga,23.9,Defender,2788,35,1,0,5,11,105,1.211,10,15.0,25/26,2026-06-05,1116388,661145,slug
Roony Bardghji,FC Barcelona,La Liga,20.6,Forward,661,21,1,1,12,15,6,2.474,1,15.0,25/26,2026-06-05,1162107,792331,slug
Etta Eyong,Levante UD,La Liga,22.6,Forward,1703,33,7,4,24,15,27,1.105,16,15.0,25/26,2026-06-05,1393673,1038950,fuzzy 90
Miguel Román,Celta Vigo,La Liga,23.4,Midfielder,1310,19,1,0,1,17,27,1.421,6,15.0,25/26,2026-06-05,1398526,892932,slug
Claudio Echeverri,Girona FC,La Liga,20.4,Midfielder,618,17,1,1,7,8,6,1.079,19,15.0,25/26,2026-06-05,1482424,994536,slug
Pau Navarro,Villarreal,La Liga,21.1,Defender,1924,23,0,0,2,4,65,1.895,3,15.0,25/26,2026-06-05,1525863,1061336,slug
Jan Virgili,Mallorca,La Liga,19.9,Midfielder,1804,31,2,4,16,30,15,1.105,18,15.0,25/26,2026-06-05,1939173,1301775,slug
Yáser Asprilla,Girona FC,La Liga,22.5,Midfielder,605,15,0,0,5,12,8,1.079,19,14.0,25/26,2026-05-21,1092769,857818,slug
Kike Salas,Sevilla,La Liga,24.1,Defender,2208,26,2,0,8,7,59,1.132,13,14.0,25/26,2026-06-05,1097719,766583,slug
Rubén Vargas,Sevilla,La Liga,27.8,Midfielder,1608,24,3,6,8,28,19,1.132,13,12.0,25/26,2026-06-05,872919,345886,slug
Jorge de Frutos,Rayo Vallecano,La Liga,29.3,Forward,2483,36,10,1,28,31,31,1.316,8,12.0,25/26,2026-06-05,900003,455181,slug
Hugo Duro,Valencia,La Liga,26.6,Forward,1989,36,10,0,14,17,16,1.289,9,12.0,25/26,2026-06-05,909119,573775,slug
Tajon Buchanan,Villarreal,La Liga,27.3,Midfielder,1835,34,7,1,11,17,28,1.895,3,12.0,25/26,2026-06-05,973290,638793,slug
Rafa Marín,Villarreal,La Liga,24.0,Defender,1980,23,1,0,1,7,37,1.895,3,12.0,25/26,2026-06-05,984623,662261,slug
Sergio Carreira,Celta Vigo,La Liga,25.6,Midfielder,2693,34,2,1,7,19,32,1.421,6,12.0,25/26,2026-06-05,1002764,545647,slug
José Ángel Carmona,Sevilla,La Liga,24.3,Defender,2564,35,1,3,3,22,65,1.132,13,12.0,25/26,2026-06-05,1015240,711625,slug
Urko González,Espanyol,La Liga,25.2,Midfielder,2629,36,0,1,1,11,55,1.211,11,12.0,25/26,2026-06-05,1064009,625651,fuzzy 90
Ilias Akhomach,Rayo Vallecano,La Liga,22.1,Midfielder,897,20,0,1,8,13,24,1.316,8,12.0,25/26,2026-06-05,1089108,709969,slug
Valentín Gómez,Real Betis,La Liga,22.9,Defender,1881,28,1,0,5,10,46,1.579,5,12.0,25/26,2026-06-05,1186010,985383,name
Sofyan Amrabat,Real Betis,La Liga,29.8,Midfielder,1296,17,0,0,1,7,27,1.579,5,10.0,25/26,2026-06-05,359272,287579,slug
Fran García,Real Madrid,La Liga,26.8,Defender,933,13,1,1,2,5,19,2.263,2,10.0,25/26,2026-06-05,851271,341264,slug
Antonio Blanco,Deportivo Alavés,La Liga,25.9,Midfielder,3116,36,2,3,13,22,94,1.132,14,10.0,25/26,2026-06-05,855832,495621,slug
Luka Sučić,Real Sociedad,La Liga,23.7,Midfielder,1018,22,3,1,7,9,19,1.211,10,10.0,25/26,2026-06-05,949156,502722,slug
Ferrán Jutglà,Celta Vigo,La Liga,27.3,Forward,1669,30,9,3,26,16,12,1.421,6,10.0,25/26,2026-06-05,949962,599231,slug
Martín Satriano,Getafe,La Liga,25.3,Forward,1604,18,6,1,14,15,23,1.342,7,10.0,25/26,2026-06-05,973536,640109,slug
Beñat Turrientes,Real Sociedad,La Liga,24.3,Midfielder,1367,27,0,3,6,12,40,1.211,10,10.0,25/26,2026-06-05,980410,634431,slug
Azzedine Ounahi,Girona FC,La Liga,26.1,Midfielder,1766,24,5,2,19,36,23,1.079,19,10.0,25/26,2026-06-05,991421,593482,slug
Pep Chavarría,Rayo Vallecano,La Liga,28.2,Defender,2681,33,1,2,3,27,54,1.316,8,10.0,25/26,2026-06-05,1010421,596122,name
Juanlu Sánchez,Sevilla,La Liga,22.8,Midfielder,2002,32,0,3,1,22,63,1.132,13,10.0,25/26,2026-06-05,1010655,676042,slug
Tyrhys Dolan,Espanyol,La Liga,24.4,Midfielder,2431,36,2,5,12,32,57,1.211,11,10.0,25/26,2026-06-05,1063015,647435,slug
Arnau Martínez,Girona FC,La Liga,23.1,Defender,2678,35,2,3,4,24,66,1.079,19,10.0,25/26,2026-06-05,1084081,826224,slug
Obed Vargas,Atlético Madrid,La Liga,20.8,Midfielder,739,12,0,1,0,4,26,1.816,4,10.0,25/26,2026-06-05,1119345,889435,slug
Mario Martín,Getafe,La Liga,22.3,Midfielder,2134,35,2,1,6,8,56,1.342,7,10.0,25/26,2026-06-05,1154549,948273,name
Álvaro Rodriguez,Elche,La Liga,21.9,Forward,2200,34,7,5,24,33,24,1.132,15,10.0,25/26,2026-06-05,1154587,948275,slug
Roberto Fernández,Espanyol,La Liga,23.9,Forward,2387,38,7,3,23,18,12,1.211,11,10.0,25/26,2026-06-05,1392592,720518,slug
Oso,Sevilla,La Liga,22.9,Midfielder,1409,21,2,3,8,21,27,1.132,13,10.0,25/26,2026-06-05,1534422,1032280,name
José María Giménez,Atlético Madrid,La Liga,31.4,Defender,1177,16,0,1,3,1,25,1.816,4,9.0,25/26,2026-06-05,325355,250845,slug
Sergi Cardona,Villarreal,La Liga,26.9,Defender,1969,31,1,4,5,21,47,1.895,3,9.0,25/26,2026-06-05,986245,678406,slug
César Tárrega,Valencia,La Liga,24.3,Defender,2597,32,0,0,1,2,42,1.289,9,9.0,25/26,2026-06-05,996928,707274,slug
Diego López,Valencia,La Liga,24.1,Midfielder,1777,34,4,1,8,17,22,1.289,9,9.0,25/26,2026-06-05,998950,617081,slug
Nelson Deossa,Real Betis,La Liga,26.3,Midfielder,736,20,0,0,0,8,14,1.579,5,9.0,25/26,2026-06-05,1129401,907559,slug
Antoine Griezmann,Atlético Madrid,La Liga,35.2,Forward,1475,34,7,4,25,32,14,1.816,4,8.0,25/26,2026-06-05,85859,125781,slug
João Cancelo,FC Barcelona,La Liga,32.0,Defender,962,16,2,2,4,15,27,2.474,1,8.0,25/26,2026-06-05,138892,182712,slug
Aymeric Laporte,Athletic Club,La Liga,32.0,Defender,2060,25,0,1,5,7,27,1.184,12,8.0,25/26,2026-06-05,149734,176553,slug
Mauro Arambarri,Getafe,La Liga,30.7,Midfielder,3255,37,6,2,19,22,67,1.342,7,8.0,25/26,2026-06-05,385888,290249,slug
Iñaki Williams,Athletic Club,La Liga,32.0,Midfielder,2168,30,3,6,20,26,12,1.184,12,8.0,25/26,2026-06-05,783374,255508,slug
Giovani Lo Celso,Real Betis,La Liga,30.2,Midfielder,1396,24,2,3,11,33,19,1.579,5,8.0,25/26,2026-06-05,798835,348795,name
Pablo Fornals,Real Betis,La Liga,30.3,Midfielder,2865,37,9,6,19,87,39,1.579,5,8.0,25/26,2026-06-05,816763,357885,slug
Pepelu,Valencia,La Liga,27.8,Midfielder,2232,31,2,0,3,21,60,1.289,9,8.0,25/26,2026-06-05,826948,328480,slug
Santi Comesaña,Villarreal,La Liga,29.7,Midfielder,2413,34,3,6,7,27,45,1.895,3,8.0,25/26,2026-06-05,843678,380598,slug
Brais Méndez,Real Sociedad,La Liga,29.4,Midfielder,1672,29,6,2,16,25,37,1.211,10,8.0,25/26,2026-06-05,845385,309110,slug
Juan Foyth,Villarreal,La Liga,28.4,Defender,936,13,0,0,0,0,20,1.895,3,8.0,25/26,2026-06-05,873189,480763,slug
Largie Ramazani,Valencia,La Liga,25.3,Forward,1250,27,6,1,19,16,14,1.289,9,8.0,25/26,2026-06-05,909966,518644,slug
Bryan Gil,Girona FC,La Liga,25.3,Midfielder,1597,29,0,3,7,21,31,1.079,19,8.0,25/26,2026-06-05,910026,537382,slug
Lucas Beltrán,Valencia,La Liga,25.2,Forward,1366,27,1,2,9,13,22,1.289,9,8.0,25/26,2026-06-05,962029,628366,slug
Iván Romero,Levante UD,La Liga,25.2,Forward,2287,32,7,1,18,25,33,1.105,16,8.0,25/26,2026-06-05,1014042,628886,slug
Bryan Zaragoza,Celta Vigo,La Liga,24.7,Forward,1135,19,1,1,12,18,10,1.421,6,8.0,25/26,2026-05-29,1084730,713644,slug
Hugo Álvarez,Celta Vigo,La Liga,22.9,Midfielder,1343,28,4,2,8,25,15,1.421,6,8.0,25/26,2026-06-05,1154935,892929,slug
Jones El-Abdellaoui,Celta Vigo,La Liga,20.4,Forward,683,22,2,0,4,9,6,1.421,6,8.0,25/26,2026-06-05,1173575,960571,slug
Djibril Sow,Sevilla,La Liga,29.3,Midfielder,2195,33,5,4,8,24,45,1.132,13,7.5,25/26,2026-06-05,799054,212723,slug
Toni Martínez,Deportivo Alavés,La Liga,28.9,Forward,2725,37,14,3,36,24,28,1.132,14,7.5,25/26,2026-06-05,831253,302371,slug
Batista Mendy,Sevilla,La Liga,26.4,Midfielder,1624,27,1,0,5,9,35,1.132,13,7.5,25/26,2026-06-05,859021,395234,slug
Javi Puado,Espanyol,La Liga,28.0,Midfielder,678,10,2,0,9,10,4,1.211,11,7.5,25/26,2026-06-05,891511,408471,slug
Aitor Paredes,Athletic Club,La Liga,26.1,Defender,1629,19,2,0,4,4,21,1.184,12,7.5,25/26,2026-06-05,959872,591916,slug
Aimar Oroz,Osasuna,La Liga,24.5,Midfielder,2152,31,0,2,4,38,37,1.105,17,7.5,25/26,2026-06-05,985329,634131,slug
Nobel Mendy,Rayo Vallecano,La Liga,21.8,Defender,1811,24,2,0,3,3,27,1.316,8,7.5,25/26,2026-06-05,1458073,1034853,slug
Robert Lewandowski,FC Barcelona,La Liga,37.8,Forward,1656,31,14,2,29,14,5,2.474,1,7.0,25/26,2026-06-05,41789,38253,slug
Carlos Soler,Real Sociedad,La Liga,29.4,Midfielder,2332,33,4,3,19,46,38,1.211,10,7.0,25/26,2026-06-05,832427,372246,slug
Jon Moncayola,Osasuna,La Liga,28.1,Midfielder,3028,36,0,4,5,39,55,1.105,17,7.0,25/26,2026-06-05,976141,552425,slug
Pablo Marín,Real Sociedad,La Liga,22.9,Midfielder,1511,34,0,1,4,13,19,1.211,10,7.0,25/26,2026-06-05,1139409,907813,slug
Tani Oluwaseyi,Villarreal,La Liga,26.1,Forward,922,27,2,2,7,6,7,1.895,3,7.0,25/26,2026-06-05,1172477,972465,name
Antonio Rüdiger,Real Madrid,La Liga,33.3,Defender,1492,18,1,0,1,3,14,2.263,2,6.0,25/26,2026-06-05,142622,86202,slug
Gonçalo Guedes,Real Sociedad,La Liga,29.5,Midfielder,1839,32,8,4,18,25,25,1.211,10,6.0,25/26,2026-06-05,280979,225122,slug
Nicolas Pépé,Villarreal,La Liga,31.0,Forward,2396,36,8,8,25,57,31,1.895,3,6.0,25/26,2026-06-05,593526,343052,slug
Borja Mayoral,Getafe,La Liga,29.2,Forward,1068,16,4,1,7,5,5,1.342,7,6.0,25/26,2026-06-05,604954,298976,slug
Gabriel Suazo,Sevilla,La Liga,28.8,Defender,2096,29,0,1,2,36,86,1.132,13,6.0,25/26,2026-06-05,818986,385105,slug
Pol Lozano,Espanyol,La Liga,26.7,Midfielder,2182,33,2,1,5,23,38,1.211,11,6.0,25/26,2026-06-05,826010,412045,slug
Igor Zubeldia,Real Sociedad,La Liga,29.2,Defender,2088,25,0,1,1,5,38,1.211,10,6.0,25/26,2026-06-05,838159,355628,slug
Yangel Herrera,Real Sociedad,La Liga,28.4,Midfielder,642,14,0,0,1,2,12,1.211,10,6.0,25/26,2026-06-05,839585,378293,slug
André Almeida,Valencia,La Liga,26.0,Midfielder,1035,22,0,2,3,18,23,1.289,9,6.0,25/26,2026-06-05,845693,375382,slug
Filip Ugrinić,Valencia,La Liga,27.4,Midfielder,1513,27,0,3,3,23,25,1.289,9,6.0,25/26,2026-06-05,857482,394236,slug
Robert Navarro,Athletic Club,La Liga,24.1,Midfielder,1311,32,6,1,10,24,16,1.184,12,6.0,25/26,2026-06-05,944165,563137,slug
Germán Valera,Elche,La Liga,24.2,Midfielder,2874,36,4,5,8,46,55,1.132,15,6.0,25/26,2026-06-05,962710,548188,slug
Manuel Sánchez,Levante UD,La Liga,25.8,Defender,2818,33,1,2,4,17,81,1.105,16,6.0,25/26,2026-06-05,984789,618809,fuzzy 92
Javier Rueda,Celta Vigo,La Liga,24.1,Midfielder,1410,26,2,6,3,14,20,1.421,6,6.0,25/26,2026-06-05,1008259,652331,fuzzy 91
Joel Roca,Girona FC,La Liga,21.0,Midfielder,1482,32,3,1,16,16,23,1.079,19,6.0,25/26,2026-06-05,1391616,895326,slug
Andrés Castrin,Sevilla,La Liga,23.0,Defender,1281,19,1,0,3,2,26,1.132,13,6.0,25/26,2026-06-05,1428699,719999,slug
Matias Moreno,Levante UD,La Liga,22.7,Defender,2266,28,0,0,0,8,33,1.105,16,6.0,25/26,2026-06-05,1496360,1144700,slug
Koke,Atlético Madrid,La Liga,34.4,Midfielder,2236,34,2,2,4,35,50,1.816,4,5.0,25/26,2026-06-05,84539,74229,slug
Aleix Febas,Elche,La Liga,30.3,Midfielder,3166,36,2,2,8,27,77,1.132,15,5.0,25/26,2026-06-05,286167,217144,slug
Ayoze Pérez,Villarreal,La Liga,32.9,Forward,1127,25,5,4,11,16,22,1.895,3,5.0,25/26,2026-06-05,345195,246968,slug
Gorka Guruzeta,Athletic Club,La Liga,29.7,Forward,2371,35,10,3,32,26,19,1.184,12,5.0,25/26,2026-06-05,605672,340205,slug
Lucas Boyé,Deportivo Alavés,La Liga,30.3,Forward,1959,29,11,1,21,28,36,1.132,14,5.0,25/26,2026-06-05,814385,334222,slug
Edu Expósito,Espanyol,La Liga,29.8,Midfielder,2542,36,1,6,13,83,53,1.211,11,5.0,25/26,2026-06-05,877262,506248,slug
David Carmo,Real Oviedo,La Liga,26.9,Defender,1787,22,1,0,3,7,34,0.763,20,5.0,25/26,2026-06-05,892235,498237,slug
Jesús Areso,Athletic Club,La Liga,26.9,Defender,1513,26,0,1,0,23,22,1.184,12,5.0,25/26,2026-06-05,910267,488626,slug
José Copete,Valencia,La Liga,26.7,Defender,1768,21,0,0,0,5,26,1.289,9,5.0,25/26,2026-06-05,913695,520840,slug
Jon Pacheco,Deportivo Alavés,La Liga,25.4,Defender,1734,22,0,0,1,5,36,1.132,14,5.0,25/26,2026-06-05,934383,580560,slug
Javi López,Real Oviedo,La Liga,24.2,Defender,1726,25,0,1,1,18,43,0.763,20,5.0,25/26,2026-06-05,945404,568158,name
Juan Iglesias,Getafe,La Liga,27.9,Defender,3189,37,1,2,5,18,112,1.342,7,5.0,25/26,2026-06-05,949707,390688,slug
Iván Martín,Girona FC,La Liga,27.3,Midfielder,2538,35,0,1,5,25,61,1.079,19,5.0,25/26,2026-06-05,973699,341278,slug
Isaac Romero,Sevilla,La Liga,26.0,Forward,1498,29,4,0,14,14,16,1.132,13,5.0,25/26,2026-06-05,1018190,687609,name
Pablo Torre,Mallorca,La Liga,23.2,Midfielder,1637,35,4,4,12,35,22,1.105,18,5.0,25/26,2026-06-05,1082981,720038,slug
Hugo Sotelo,Celta Vigo,La Liga,22.5,Midfielder,1342,20,0,2,1,26,30,1.421,6,5.0,25/26,2026-06-05,1120669,892221,slug
Unai Gómez,Athletic Club,La Liga,23.0,Midfielder,949,26,1,1,7,8,13,1.184,12,5.0,25/26,2026-06-05,1391375,834752,slug
Alejandro Rego Mora,Athletic Club,La Liga,23.0,Midfielder,1266,29,1,1,3,11,42,1.184,12,5.0,25/26,2026-06-05,2110897,834491,fuzzy 95
Vedat Muriqi,Mallorca,La Liga,32.1,Forward,3134,37,23,1,50,23,9,1.105,18,4.5,25/26,2026-06-05,310874,256267,slug
Carl Starfelt,Celta Vigo,La Liga,31.0,Defender,1493,19,0,0,1,1,23,1.421,6,4.5,25/26,2026-06-05,360718,258987,slug
Thiago Fernández,Real Oviedo,La Liga,22.2,Midfielder,822,16,0,4,5,10,13,0.763,20,4.5,25/26,2026-06-05,1201412,1127730,slug
Dani Carvajal,Real Madrid,La Liga,34.4,Defender,976,17,0,1,1,11,14,2.263,2,4.0,25/26,2026-06-05,138572,138927,fuzzy 93
José Luis Gayà,Valencia,La Liga,31.0,Defender,2461,32,1,2,3,25,69,1.289,9,4.0,25/26,2026-06-05,227922,221322,fuzzy 86
Neal Maupay,Sevilla,La Liga,29.8,Forward,870,12,2,1,7,14,4,1.132,13,4.0,25/26,2026-06-05,268903,217115,slug
Clément Lenglet,Atlético Madrid,La Liga,31.0,Defender,1393,19,0,1,0,4,21,1.816,4,4.0,25/26,2026-06-05,580550,182904,slug
Álex Berenguer,Athletic Club,La Liga,30.9,Midfielder,2164,31,2,3,20,49,28,1.184,12,4.0,25/26,2026-06-05,592012,338425,slug
Guido Rodríguez,Valencia,La Liga,32.1,Midfielder,1308,16,4,0,5,7,41,1.289,9,4.0,25/26,2026-06-05,609752,342385,slug
Umar Sadiq,Valencia,La Liga,29.3,Forward,1061,25,4,2,10,10,8,1.289,9,4.0,25/26,2026-06-05,754710,337715,slug
Rafa Mir,Elche,La Liga,29.0,Forward,1815,27,8,0,36,9,16,1.132,15,4.0,25/26,2026-06-05,825754,361254,slug
Fran Beltrán,Girona FC,La Liga,27.3,Midfielder,1561,27,1,0,4,13,34,1.079,19,4.0,25/26,2026-06-05,835484,423444,slug
Marc Roca,Real Betis,La Liga,29.5,Midfielder,2025,29,1,1,7,19,38,1.579,5,4.0,25/26,2026-06-05,847128,336869,slug
Chidera Ejuke,Sevilla,La Liga,28.4,Forward,954,27,1,1,3,13,19,1.132,13,4.0,25/26,2026-06-05,875890,500067,slug
Aitor Ruibal,Real Betis,La Liga,30.2,Defender,1814,27,4,2,12,19,45,1.579,5,4.0,25/26,2026-06-05,893062,378139,slug
Federico Viñas,Real Oviedo,La Liga,27.9,Forward,2451,33,9,1,21,27,50,0.763,20,4.0,25/26,2026-06-05,976104,578419,slug
Alemão,Rayo Vallecano,La Liga,28.2,Forward,1149,26,4,0,12,7,5,1.316,8,4.0,25/26,2026-06-05,981604,560417,slug
Victor Parada,Deportivo Alavés,La Liga,24.2,Defender,2165,30,0,3,2,14,33,1.132,14,4.0,25/26,2026-06-05,985726,591957,slug
Rodrigo Riquelme,Real Betis,La Liga,26.2,Midfielder,838,25,1,1,7,14,16,1.579,5,4.0,25/26,2026-06-05,989113,461617,slug
Jesús Vázquez,Valencia,La Liga,23.4,Defender,970,24,0,0,2,14,24,1.289,9,4.0,25/26,2026-06-05,996929,623024,slug
Adrián de la Fuente,Levante UD,La Liga,27.3,Defender,2710,33,3,1,9,19,31,1.105,16,4.0,25/26,2026-06-05,997244,341263,fuzzy 86
Ilyas Chaira,Real Oviedo,La Liga,25.3,Midfielder,2458,36,6,2,35,18,49,0.763,20,4.0,25/26,2026-06-05,1008037,593412,slug
Álvaro Núñez,Celta Vigo,La Liga,25.9,Defender,1984,25,0,2,1,22,29,1.421,6,4.0,25/26,2026-06-05,1012410,626953,name
Pablo Ibáñez,Deportivo Alavés,La Liga,27.7,Midfielder,2253,37,1,1,13,19,57,1.132,14,4.0,25/26,2026-06-05,1084381,785353,name
Martim Neto,Elche,La Liga,23.4,Midfielder,1352,25,2,5,4,25,21,1.132,15,4.0,25/26,2026-06-05,1100646,549027,slug
Clemens Riedel,Espanyol,La Liga,22.9,Defender,1402,20,0,1,1,4,28,1.211,11,4.0,25/26,2026-06-05,1129360,692070,slug
Yoel Lago,Celta Vigo,La Liga,22.2,Defender,947,12,0,0,0,2,19,1.421,6,4.0,25/26,2026-06-05,1145100,939374,slug
Alan Matturro,Levante UD,La Liga,21.6,Defender,957,19,1,1,1,4,21,1.105,16,4.0,25/26,2026-06-05,1177401,861981,slug
Pablo Durán,Celta Vigo,La Liga,25.0,Forward,1431,30,2,2,15,10,16,1.421,6,4.0,25/26,2026-06-05,1398524,905997,slug
Youssef Enriquez,Deportivo Alavés,La Liga,20.7,Defender,1347,25,0,1,3,17,17,1.132,14,4.0,25/26,2026-06-05,1403364,741289,slug
Luis Milla,Getafe,La Liga,31.7,Midfielder,3273,37,1,10,4,80,60,1.342,7,3.5,25/26,2026-06-05,811629,281989,slug
Víctor Chust,Elche,La Liga,26.3,Defender,2165,31,1,0,3,5,63,1.132,15,3.5,25/26,2026-06-05,855831,495625,slug
Unai Núñez,Valencia,La Liga,29.3,Defender,921,13,0,0,1,2,25,1.289,9,3.5,25/26,2026-06-05,892521,338285,slug
Junior Firpo,Real Betis,La Liga,29.8,Defender,832,12,0,1,0,8,24,1.579,5,3.5,25/26,2026-06-05,914835,374139,slug
Haissem Hassan,Real Oviedo,La Liga,24.3,Midfielder,1943,37,0,3,8,20,39,0.763,20,3.5,25/26,2026-06-05,942836,620164,slug
Jorge Herrando,Osasuna,La Liga,25.3,Defender,1608,28,0,1,0,2,32,1.105,17,3.5,25/26,2026-06-05,944225,555500,slug
Raúl Moro,Osasuna,La Liga,23.5,Midfielder,629,14,0,2,0,11,2,1.105,17,3.5,25/26,2026-06-05,980383,624942,slug
Abel Bretones,Osasuna,La Liga,25.8,Defender,1658,28,1,2,3,13,33,1.105,17,3.5,25/26,2026-06-05,1010165,658115,slug
Marc Aguado,Elche,La Liga,26.3,Midfielder,2522,35,1,2,2,11,48,1.132,15,3.5,25/26,2026-06-05,1014595,531404,slug
Abdel Abqar,Getafe,La Liga,27.2,Defender,1440,23,0,2,1,4,38,1.342,7,3.5,25/26,2026-06-05,1101232,559979,slug
Mateo Joseph,Mallorca,La Liga,22.6,Forward,1710,29,2,3,14,14,29,1.105,18,3.5,25/26,2026-06-05,1170693,834742,slug
Hugo Rincón,Girona FC,La Liga,23.4,Defender,1758,33,1,1,2,10,47,1.079,19,3.5,25/26,2026-06-05,1632454,834487,name
Sergi Darder,Mallorca,La Liga,32.5,Midfielder,2689,38,1,5,13,59,28,1.105,18,3.0,25/26,2026-06-05,110783,142021,slug
André Silva,Elche,La Liga,30.6,Forward,1858,31,10,0,29,22,14,1.132,15,3.0,25/26,2026-06-05,190159,198008,slug
Álex Moreno,Girona FC,La Liga,33.0,Defender,2562,31,0,3,5,16,43,1.079,19,3.0,25/26,2026-06-05,294593,193098,slug
Martin Valjent,Mallorca,La Liga,30.5,Defender,3309,37,0,0,8,3,50,1.105,18,3.0,25/26,2026-06-05,300522,277384,slug
Pablo Maffeo,Mallorca,La Liga,28.9,Defender,2672,31,1,2,1,20,68,1.105,18,3.0,25/26,2026-06-05,788216,251876,slug
Carles Aleñá,Deportivo Alavés,La Liga,28.4,Midfielder,1995,34,0,4,5,38,37,1.132,14,3.0,25/26,2026-06-05,794937,284854,slug
Juan Cruz,Osasuna,La Liga,25.7,Defender,660,15,0,0,0,2,4,1.105,17,3.0,25/26,2025-12-30,814360,585700,fuzzy 100
Arnaut Danjuma,Valencia,La Liga,29.3,Forward,1627,30,3,2,14,17,13,1.289,9,3.0,25/26,2026-06-05,827064,355861,slug
Valentin Rosier,Osasuna,La Liga,29.8,Defender,2554,31,1,1,3,16,48,1.105,17,3.0,25/26,2026-06-05,842419,441170,slug
Andoni Gorosabel,Athletic Club,La Liga,29.8,Defender,1359,24,0,1,1,16,37,1.184,12,3.0,25/26,2026-06-05,866810,289255,slug
Nahuel Tenaglia,Deportivo Alavés,La Liga,30.3,Defender,3239,36,2,0,8,7,66,1.132,14,3.0,25/26,2026-06-05,896073,533568,slug
Pedro Díaz,Rayo Vallecano,La Liga,28.0,Midfielder,1881,34,0,1,6,23,38,1.316,8,3.0,25/26,2026-06-05,900669,363057,slug
Sergio Camello,Rayo Vallecano,La Liga,25.3,Forward,830,22,5,1,14,17,11,1.316,8,3.0,25/26,2026-06-05,910024,505674,slug
Pablo Martínez,Levante UD,La Liga,28.3,Midfielder,1865,27,1,5,4,36,17,1.105,16,3.0,25/26,2026-06-05,927066,568835,slug
Nicolas Fonseca,Real Oviedo,La Liga,27.6,Midfielder,1019,19,0,0,1,3,41,0.763,20,3.0,25/26,2026-06-05,944629,462070,slug
Peque Fernández,Sevilla,La Liga,23.7,Midfielder,1012,26,2,1,6,15,13,1.132,13,3.0,25/26,2026-06-05,997033,639733,slug
Raúl García de Haro,Osasuna,La Liga,25.6,Forward,1042,36,7,1,23,12,15,1.105,17,3.0,25/26,2026-06-05,997280,631002,fuzzy 90
Alejandro Francés,Girona FC,La Liga,23.8,Defender,1121,24,0,2,4,10,25,1.079,19,3.0,25/26,2026-06-05,1002347,632896,slug
Jofre Carreras,Espanyol,La Liga,25.0,Midfielder,921,26,1,0,7,15,9,1.211,11,3.0,25/26,2026-06-05,1019236,628498,name
Ramón Terrats,Espanyol,La Liga,25.6,Midfielder,1062,29,1,2,3,16,22,1.211,11,3.0,25/26,2026-06-05,1088565,783396,slug
Ugo Raghouber,Levante UD,La Liga,22.9,Midfielder,721,16,0,0,0,4,23,1.105,16,3.0,25/26,2026-06-05,1170694,707230,slug
Alfon González,Villarreal,La Liga,27.1,Forward,655,20,2,0,10,9,3,1.895,3,3.0,25/26,2026-06-05,1468090,357628,slug
Ángel Pérez,Deportivo Alavés,La Liga,24.0,Midfielder,1290,16,1,3,4,24,15,1.132,14,3.0,25/26,2026-06-05,1513222,1124136,slug
Adrian Liso,Getafe,La Liga,21.2,Forward,1723,28,3,0,10,4,28,1.342,7,3.0,25/26,2026-06-05,1515554,1061122,name
Ante Budimir,Osasuna,La Liga,34.9,Forward,2953,37,17,0,41,16,21,1.105,17,2.8,25/26,2026-06-05,37318,46413,slug
Duje Ćaleta-Car,Real Sociedad,La Liga,29.7,Defender,2152,27,1,0,3,3,24,1.211,10,2.8,25/26,2026-06-05,257091,238266,slug
Borja Iglesias,Celta Vigo,La Liga,33.4,Forward,1902,35,14,2,26,17,8,1.421,6,2.8,25/26,2026-06-05,785989,278359,slug
Isi Palazón,Rayo Vallecano,La Liga,31.4,Midfielder,2262,31,3,3,16,39,29,1.316,8,2.8,25/26,2026-06-05,899982,362086,slug
Adrià Pedrosa,Elche,La Liga,28.1,Defender,1092,27,1,1,3,23,34,1.132,15,2.8,25/26,2026-06-05,928672,501418,slug
Alejandro Catena,Osasuna,La Liga,31.6,Defender,3073,35,3,2,4,12,41,1.105,17,2.6,25/26,2026-06-05,900792,449796,slug
Gerard Moreno,Villarreal,La Liga,34.2,Forward,1350,22,10,0,16,23,15,1.895,3,2.5,25/26,2026-06-05,146866,177467,slug
Lucas Torró,Osasuna,La Liga,31.9,Midfielder,2307,34,0,1,8,15,39,1.105,17,2.5,25/26,2026-06-05,187313,213670,slug
Diego Llorente,Real Betis,La Liga,32.8,Defender,1226,18,1,0,3,1,27,1.579,5,2.5,25/26,2026-06-05,305278,246291,slug
Baptiste Santamaria,Valencia,La Liga,31.2,Midfielder,775,19,1,1,2,4,12,1.289,9,2.5,25/26,2026-06-05,344751,285323,slug
Unai López,Rayo Vallecano,La Liga,30.6,Midfielder,1623,28,0,4,4,36,31,1.316,8,2.5,25/26,2026-06-05,588566,192009,slug
Charles Pickel,Espanyol,La Liga,29.1,Midfielder,712,24,1,0,4,2,13,1.211,11,2.5,25/26,2026-06-05,758664,243879,slug
Alfonso Pedraza,Villarreal,La Liga,30.2,Defender,1690,27,1,3,3,21,41,1.895,3,2.5,25/26,2026-06-05,797290,356197,slug
Eray Cömert,Valencia,La Liga,28.3,Defender,1339,17,2,1,3,6,26,1.289,9,2.5,25/26,2026-06-05,814023,298583,slug
Santiago Colombatto,Real Oviedo,La Liga,29.4,Midfielder,2069,32,0,1,2,24,44,0.763,20,2.5,25/26,2026-06-05,822379,395122,slug
Marcão,Sevilla,La Liga,30.0,Defender,943,13,0,0,2,0,13,1.132,13,2.5,25/26,2026-06-05,840951,439022,slug
Thierry Correia,Valencia,La Liga,27.2,Defender,1394,24,0,2,1,13,31,1.289,9,2.5,25/26,2026-06-05,851282,367466,slug
Ander Guevara,Deportivo Alavés,La Liga,28.9,Midfielder,680,25,1,1,1,6,12,1.132,14,2.5,25/26,2026-06-05,891931,465967,slug
Aihen Muñoz,Real Sociedad,La Liga,28.8,Defender,885,21,1,0,2,5,28,1.211,10,2.5,25/26,2026-06-05,966441,517842,slug
Fran Pérez,Rayo Vallecano,La Liga,23.7,Midfielder,1250,29,2,1,8,13,15,1.316,8,2.5,25/26,2026-06-05,966637,622988,slug
Luis Vázquez,Getafe,La Liga,25.1,Forward,1204,17,3,1,9,5,5,1.342,7,2.5,25/26,2026-06-05,974713,844516,slug
Jon Ander Olasagasti,Levante UD,La Liga,25.8,Midfielder,1748,33,1,5,9,37,28,1.105,16,2.5,25/26,2026-06-05,1010383,625660,slug
Abderrahman Rebbach,Deportivo Alavés,La Liga,27.8,Midfielder,1508,30,1,4,12,30,42,1.132,14,2.5,25/26,2026-06-05,1082968,718034,fuzzy 86
Zaid Romero,Getafe,La Liga,26.5,Defender,1350,15,1,0,2,1,31,1.342,7,2.5,25/26,2026-06-05,1108450,741142,slug
Adama Boiro,Athletic Club,La Liga,24.0,Defender,819,14,0,0,0,3,18,1.184,12,2.5,25/26,2026-06-05,1398511,710671,slug
Héctor Bellerín,Real Betis,La Liga,31.2,Defender,1840,27,2,3,5,24,31,1.579,5,2.4,25/26,2026-06-05,188365,191217,slug
Manu Morlanes,Mallorca,La Liga,27.4,Midfielder,1788,32,3,0,4,17,56,1.105,18,2.4,25/26,2026-06-05,826004,335225,slug
Jonny Otto,Deportivo Alavés,La Liga,32.3,Defender,2998,34,0,0,3,17,66,1.132,14,2.2,25/26,2026-06-05,235648,175446,slug
Nemanja Gudelj,Sevilla,La Liga,34.6,Midfielder,2370,34,2,0,9,7,35,1.132,13,2.0,25/26,2026-06-05,68332,74294,slug
Iñigo Ruiz de Galarreta,Athletic Club,La Liga,32.8,Midfielder,2231,34,1,2,2,31,60,1.184,12,2.0,25/26,2026-06-05,96365,126751,slug
Jeremy Toljan,Levante UD,La Liga,31.8,Defender,3173,37,1,4,1,28,67,1.105,16,2.0,25/26,2026-06-05,149606,129674,slug
Thomas Partey,Villarreal,La Liga,33.0,Midfielder,930,25,0,0,2,8,18,1.895,3,2.0,25/26,2026-06-05,316148,230784,slug
Grady Diangana,Elche,La Liga,28.1,Midfielder,929,20,1,0,2,10,14,1.132,15,2.0,25/26,2026-06-05,848512,342048,slug
Fernando Calero,Espanyol,La Liga,30.7,Defender,2150,28,0,0,1,3,29,1.211,11,2.0,25/26,2026-06-05,857205,357884,slug
Alberto Reina,Real Oviedo,La Liga,28.5,Midfielder,2487,37,4,1,11,34,44,0.763,20,2.0,25/26,2026-06-05,882475,603696,slug
Óscar Valentín,Rayo Vallecano,La Liga,31.8,Midfielder,2113,33,1,0,4,10,72,1.316,8,2.0,25/26,2026-06-05,900008,517753,slug
Roger Brugué,Levante UD,La Liga,29.6,Midfielder,1007,19,1,1,9,8,11,1.105,16,2.0,25/26,2026-06-05,909554,557057,slug
Antonio Sánchez,Mallorca,La Liga,29.1,Midfielder,1088,30,0,0,3,12,21,1.105,18,2.0,25/26,2026-06-05,949722,513031,slug
Carlos Domínguez,Celta Vigo,La Liga,25.3,Defender,610,8,0,0,1,1,13,1.421,6,2.0,25/26,2026-06-05,1069703,636093,slug
Kervin Arriaga,Levante UD,La Liga,28.4,Midfielder,1544,27,3,3,6,7,41,1.105,16,2.0,25/26,2026-06-05,1083832,526050,slug
Iker Muñoz,Osasuna,La Liga,23.7,Midfielder,953,19,0,0,4,5,12,1.105,17,2.0,25/26,2026-06-05,1119586,710677,slug
Kareem Tunde,Levante UD,La Liga,20.8,Midfielder,1151,21,0,1,3,6,23,1.105,16,2.0,25/26,2026-06-05,1649919,1063340,slug
Florian Lejeune,Rayo Vallecano,La Liga,35.0,Defender,3231,36,2,1,18,17,66,1.316,8,1.8,25/26,2026-06-05,88528,127108,slug
Leander Dendoncker,Real Oviedo,La Liga,31.1,Midfielder,1339,19,1,0,4,6,36,0.763,20,1.8,25/26,2026-06-05,190405,168157,slug
Thomas Lemar,Girona FC,La Liga,30.6,Midfielder,1273,27,3,1,8,20,27,1.079,19,1.8,25/26,2026-06-05,191182,205562,slug
Tete Morente,Elche,La Liga,29.5,Forward,933,13,1,1,1,11,22,1.132,15,1.8,25/26,2026-06-05,605374,339816,slug
Jon Guridi,Deportivo Alavés,La Liga,31.3,Midfielder,1259,28,0,0,4,11,28,1.132,14,1.8,25/26,2026-06-05,788141,289257,slug
Javi Galán,Osasuna,La Liga,31.5,Defender,1820,25,0,1,1,29,48,1.105,17,1.8,25/26,2026-06-05,825133,448628,slug
Oriol Rey,Levante UD,La Liga,28.3,Midfielder,1327,20,0,1,1,10,20,1.105,16,1.8,25/26,2026-06-05,859769,293388,slug
Luis Rioja,Valencia,La Liga,32.6,Midfielder,2636,37,3,6,5,39,36,1.289,9,1.8,25/26,2026-06-05,900433,278837,slug
Pathé Ismaël Ciss,Rayo Vallecano,La Liga,32.2,Midfielder,2003,29,2,1,8,12,54,1.316,8,1.8,25/26,2026-06-05,913679,525578,fuzzy 86
Gonzalo Villar,Elche,La Liga,28.2,Midfielder,718,12,1,0,1,2,13,1.132,15,1.8,25/26,2026-06-05,914765,398163,slug
Íker Losada,Levante UD,La Liga,24.8,Midfielder,908,23,3,1,4,11,13,1.105,16,1.8,25/26,2026-06-05,992331,632741,slug
Rubén Sánchez,Espanyol,La Liga,25.3,Defender,830,21,0,1,1,9,12,1.211,11,1.8,25/26,2026-06-05,1021165,705813,name
Calebe Gonçalves,Deportivo Alavés,La Liga,26.1,Midfielder,764,19,0,0,1,13,25,1.132,14,1.8,25/26,2026-06-05,1046796,798114,slug
Iago Aspas,Celta Vigo,La Liga,38.8,Forward,1155,32,5,3,12,31,15,1.421,6,1.6,25/26,2026-06-05,19356,72047,slug
Rubén García,Osasuna,La Liga,32.9,Midfielder,2247,35,2,5,10,44,50,1.105,17,1.6,25/26,2026-06-05,260031,213260,slug
Unai Vencedor,Levante UD,La Liga,25.6,Midfielder,818,16,0,0,0,12,22,1.105,16,1.6,25/26,2026-06-05,966802,610083,slug
Moi Gómez,Osasuna,La Liga,32.0,Midfielder,1218,26,0,2,2,16,20,1.105,17,1.5,25/26,2026-06-05,149370,175449,slug
Takuma Asano,Mallorca,La Liga,31.6,Forward,681,20,1,0,2,3,14,1.105,18,1.5,25/26,2026-06-05,309546,245744,slug
Johan Mojica,Mallorca,La Liga,33.8,Defender,2737,35,0,4,2,36,51,1.105,18,1.5,25/26,2026-06-05,344847,262939,slug
Álvaro García,Rayo Vallecano,La Liga,33.6,Midfielder,2105,32,4,5,19,42,27,1.316,8,1.5,25/26,2026-06-05,345111,257062,slug
Aritz Elustondo,Real Sociedad,La Liga,32.2,Defender,725,16,0,1,2,1,14,1.211,10,1.5,25/26,2026-06-05,785468,229804,slug
Léo Pétrot,Elche,La Liga,29.1,Defender,1614,32,0,0,0,2,37,1.132,15,1.5,25/26,2026-06-05,827504,412829,slug
Víctor García,Levante UD,La Liga,28.7,Midfielder,1056,21,2,1,8,14,22,1.105,16,1.5,25/26,2026-06-05,952222,590690,slug
Abdel Rahim,Real Oviedo,La Liga,24.4,Defender,1726,27,0,0,0,17,34,0.763,20,1.5,25/26,2026-06-05,1120504,929899,manual
Álex Sancris,Getafe,La Liga,29.4,Forward,710,18,0,1,5,8,10,1.342,7,1.5,25/26,2026-06-05,1398518,560705,slug
Manu Fernández,Celta Vigo,La Liga,25.1,Defender,765,14,0,0,0,3,13,1.421,6,1.5,25/26,2026-06-05,1630975,638124,slug
Ricardo Rodríguez,Real Betis,La Liga,33.8,Defender,1560,23,0,1,0,7,24,1.579,5,1.4,25/26,2026-06-05,67769,86784,slug
Djené,Getafe,La Liga,34.4,Defender,2585,34,0,0,0,2,36,1.342,7,1.4,25/26,2026-06-05,307702,221150,fuzzy 90
Mateu Morey,Mallorca,La Liga,26.3,Defender,736,18,1,0,2,3,19,1.105,18,1.4,25/26,2026-06-05,879543,388513,slug
Luka Ilić,Real Oviedo,La Liga,26.9,Midfielder,756,19,1,0,5,3,11,0.763,20,1.4,25/26,2026-06-05,885664,429790,slug
Kwasi Sibo,Real Oviedo,La Liga,27.9,Midfielder,1689,26,0,0,2,3,34,0.763,20,1.4,25/26,2026-06-05,905639,538006,slug
Alexis Sánchez,Sevilla,La Liga,37.5,Forward,1305,28,4,2,9,26,22,1.132,13,1.2,25/26,2026-06-05,34120,40433,slug
Axel Witsel,Girona FC,La Liga,37.4,Midfielder,2533,32,1,2,5,17,37,1.079,19,1.2,25/26,2026-06-05,35612,35047,slug
Daley Blind,Girona FC,La Liga,36.2,Defender,2610,31,0,0,1,11,55,1.079,19,1.2,25/26,2026-06-05,44864,12282,slug
Marcos Alonso,Celta Vigo,La Liga,35.4,Defender,2770,32,1,0,3,13,41,1.421,6,1.2,25/26,2026-06-05,69408,112515,slug
Gerard Gumbau,Rayo Vallecano,La Liga,31.5,Midfielder,1197,28,0,3,5,23,29,1.316,8,1.2,25/26,2026-06-05,326471,268670,slug
David Costas,Real Oviedo,La Liga,31.2,Defender,2075,25,1,0,1,5,26,0.763,20,1.2,25/26,2026-06-05,345333,276111,slug
Eric Bailly,Real Oviedo,La Liga,32.1,Defender,1236,15,1,0,1,3,12,0.763,20,1.2,25/26,2026-06-05,606346,286384,slug
Nacho Vidal,Real Oviedo,La Liga,31.4,Defender,2277,29,0,0,3,7,45,0.763,20,1.2,25/26,2026-06-05,844752,216870,slug
Tanguy Nianzou,Sevilla,La Liga,24.0,Defender,648,12,0,0,0,2,14,1.132,13,1.2,25/26,2026-06-05,1003007,538996,slug
César Azpilicueta,Sevilla,La Liga,36.8,Defender,1218,17,0,1,0,3,27,1.132,13,1.0,25/26,2026-06-05,21555,57500,slug
Dani Parejo,Villarreal,La Liga,37.1,Midfielder,1398,32,1,0,1,26,42,1.895,3,1.0,25/26,2026-06-05,39182,59561,slug
Yuri Berchiche,Athletic Club,La Liga,36.3,Defender,2709,32,0,6,5,30,43,1.184,12,1.0,25/26,2026-06-05,84531,61812,slug
Denis Suárez,Deportivo Alavés,La Liga,32.4,Midfielder,1432,30,1,2,4,22,23,1.132,14,1.0,25/26,2026-06-05,138383,165007,slug
Pere Milla,Espanyol,La Liga,33.7,Midfielder,1989,33,7,1,21,34,37,1.211,11,1.0,25/26,2026-06-05,175185,225593,slug
Diego Rico,Getafe,La Liga,33.3,Defender,1767,28,0,0,1,11,47,1.342,7,1.0,25/26,2026-06-05,350560,249513,slug
Joseph Aidoo,Celta Vigo,La Liga,30.7,Defender,639,8,0,0,0,0,7,1.421,6,1.0,25/26,2026-06-05,796320,358250,slug
Íñigo Lekue,Athletic Club,La Liga,33.1,Defender,600,11,0,0,1,1,15,1.184,12,1.0,25/26,2026-06-05,801837,255501,slug
Antonio Raíllo,Mallorca,La Liga,34.7,Defender,2070,24,0,1,1,7,25,1.105,18,1.0,25/26,2026-06-05,807116,278296,slug
Facundo Garcés,Deportivo Alavés,La Liga,26.4,Defender,792,10,0,0,4,0,13,1.132,14,1.0,25/26,2026-02-11,879875,533354,slug
John Donald,Elche,La Liga,25.7,Defender,683,21,1,0,2,1,16,1.132,15,1.0,25/26,2026-06-05,1094758,627290,name
Davinchi,Getafe,La Liga,18.6,Defender,698,14,0,0,2,3,26,1.342,7,1.0,25/26,2026-06-05,1918369,1268764,slug
Leandro Cabrera,Espanyol,La Liga,35.0,Defender,3330,37,3,0,12,11,36,1.211,11,0.9,25/26,2026-06-05,81992,102423,slug
Marc Bartra,Real Betis,La Liga,35.4,Defender,1984,25,1,0,5,5,45,1.579,5,0.9,25/26,2026-06-05,99519,99922,slug
Dimitri Foulquier,Valencia,La Liga,33.2,Defender,1157,15,0,0,1,6,15,1.289,9,0.9,25/26,2026-06-05,151138,170472,slug
Pacha,Rayo Vallecano,La Liga,34.4,Defender,1493,30,2,0,9,19,52,1.316,8,0.9,25/26,2026-06-05,542634,311044,manual
Dani Calvo,Real Oviedo,La Liga,32.2,Defender,1617,20,0,0,0,2,27,0.763,20,0.9,25/26,2026-06-05,560756,326416,slug
Domingos Duarte,Getafe,La Liga,31.2,Defender,2928,34,1,1,4,2,31,1.342,7,0.8,25/26,2026-06-05,576276,257376,slug
Kiko Femenía,Getafe,La Liga,35.3,Defender,2020,28,1,1,3,17,39,1.342,7,0.7,25/26,2026-06-05,53739,76467,slug
Kike García,Espanyol,La Liga,36.5,Forward,1749,37,8,1,27,20,12,1.211,11,0.7,25/26,2026-06-05,84972,93936,slug
Omar Mascarell,Mallorca,La Liga,33.3,Midfielder,2245,30,2,2,3,8,48,1.105,18,0.7,25/26,2026-06-05,255999,142031,slug
Lucas Ahijado,Real Oviedo,La Liga,31.3,Defender,1100,20,0,1,2,9,46,0.763,20,0.6,25/26,2026-06-05,597876,349884,slug
David López,Mallorca,La Liga,36.7,Defender,833,14,0,0,0,0,11,1.105,18,0.6,25/26,2026-06-05,1513896,129444,slug
Unai Elgezabal,Levante UD,La Liga,33.1,Defender,958,12,1,0,1,2,8,1.105,16,0.5,25/26,2026-06-05,813574,255495,slug
Salomón Rondón,Real Oviedo,La Liga,36.7,Forward,1037,16,2,0,5,5,3,0.763,20,0.35,25/26,2026-05-20,35532,80197,slug
Pedro Bigas,Elche,La Liga,36.1,Defender,2068,28,1,3,3,15,36,1.132,15,0.3,25/26,2026-06-05,141832,203043,slug
Santi Cazorla,Real Oviedo,La Liga,41.5,Midfielder,940,28,0,1,1,27,17,0.763,20,0.2,25/26,2026-06-05,17651,15799,slug
Erling Haaland,Manchester City,Premier League,25.9,Forward,2958,35,27,8,59,25,15,2.053,2,200.0,25/26,2026-06-03,839956,418560,slug
Declan Rice,Arsenal,Premier League,27.4,Midfielder,3099,36,4,5,13,64,70,2.237,1,120.0,25/26,2026-06-03,856714,357662,slug
Bukayo Saka,Arsenal,Premier League,24.7,Forward,2225,31,7,5,27,63,41,2.237,1,110.0,25/26,2026-06-03,934235,433177,slug
Dominik Szoboszlai,Liverpool FC,Premier League,25.6,Midfielder,3233,36,6,7,23,78,56,1.579,5,100.0,25/26,2026-06-03,869856,451276,slug
William Saliba,Arsenal,Premier League,25.2,Defender,2615,31,1,0,1,10,35,2.237,1,100.0,25/26,2026-06-03,941168,495666,slug
Cole Palmer,Chelsea,Premier League,24.1,Midfielder,1965,26,10,1,25,25,25,1.368,10,100.0,25/26,2026-06-03,982780,568177,slug
Moisés Caicedo,Chelsea,Premier League,24.6,Midfielder,2802,33,3,1,7,19,87,1.368,10,100.0,25/26,2026-06-03,987650,687626,slug
Florian Wirtz,Liverpool FC,Premier League,23.1,Midfielder,2388,33,5,3,18,61,34,1.579,5,100.0,25/26,2026-06-03,1019322,598577,slug
Morgan Rogers,Aston Villa,Premier League,23.9,Midfielder,3285,37,10,6,32,47,42,1.711,4,90.0,25/26,2026-06-03,948261,503743,slug
Enzo Fernández,Chelsea,Premier League,25.4,Midfielder,3121,36,10,4,31,69,53,1.368,10,90.0,25/26,2026-06-03,974505,648195,slug
Rayan Cherki,Manchester City,Premier League,22.8,Midfielder,1794,33,4,12,13,61,26,2.053,2,90.0,25/26,2026-06-03,979128,607223,name
Alexander Isak,Liverpool FC,Premier League,26.7,Forward,714,14,3,1,6,2,7,1.579,5,85.0,25/26,2026-06-03,823941,349066,slug
Sandro Tonali,Newcastle United,Premier League,26.1,Midfielder,2543,35,0,2,8,32,35,1.289,12,80.0,25/26,2026-06-03,892673,397033,slug
Ryan Gravenberch,Liverpool FC,Premier League,24.0,Midfielder,2996,36,5,3,13,29,59,1.579,5,80.0,25/26,2026-06-03,904897,478573,slug
Antoine Semenyo,Manchester City,Premier League,26.4,Midfielder,3200,37,17,4,41,39,45,2.053,2,80.0,25/26,2026-06-03,934354,583255,slug
João Pedro,Chelsea,Premier League,24.7,Forward,2674,35,15,5,28,29,27,1.368,10,80.0,25/26,2026-06-03,975079,626724,slug
Hugo Ekitiké,Liverpool FC,Premier League,24.0,Forward,1810,28,11,4,19,21,11,1.579,5,80.0,25/26,2026-06-03,1048422,709726,slug
Estêvão,Chelsea,Premier League,19.1,Midfielder,852,22,2,2,8,16,11,1.368,10,80.0,25/26,2026-06-03,1597265,1056993,slug
Gabriel Magalhães,Arsenal,Premier League,28.5,Defender,2751,32,3,4,7,7,38,2.237,1,75.0,25/26,2026-06-03,869792,435338,fuzzy 90
Matheus Cunha,Manchester United,Premier League,27.0,Forward,2503,33,10,2,35,35,39,1.868,3,75.0,25/26,2026-06-03,886363,517894,slug
Bryan Mbeumo,Manchester United,Premier League,26.8,Forward,2621,33,11,3,32,47,25,1.868,3,75.0,25/26,2026-06-03,927083,413039,slug
Jérémy Doku,Manchester City,Premier League,24.0,Midfielder,1784,30,5,5,15,60,23,2.053,2,75.0,25/26,2026-06-03,934386,486049,slug
Martín Zubimendi,Arsenal,Premier League,27.3,Midfielder,3001,38,5,1,9,19,68,2.237,1,75.0,25/26,2026-06-03,966837,423440,slug
Benjamin Šeško,Manchester United,Premier League,23.0,Forward,1635,30,11,1,34,9,5,1.868,3,75.0,25/26,2026-06-03,986397,627442,slug
Elliot Anderson,Nottingham Forest,Premier League,23.6,Midfielder,3334,38,4,4,10,55,104,1.158,16,75.0,25/26,2026-06-03,994546,567576,slug
Phil Foden,Manchester City,Premier League,26.0,Midfielder,2107,33,7,5,19,55,34,2.053,2,70.0,25/26,2026-06-03,859765,406635,slug
Morgan Gibbs-White,Nottingham Forest,Premier League,26.3,Midfielder,3110,37,15,4,32,49,20,1.158,16,70.0,25/26,2026-06-03,865912,429014,slug
Bruno Guimarães,Newcastle United,Premier League,28.5,Midfielder,2455,29,9,5,23,46,62,1.289,12,70.0,25/26,2026-06-03,866469,520624,slug
Marc Guéhi,Manchester City,Premier League,25.9,Defender,3150,35,3,3,9,18,46,2.053,2,70.0,25/26,2026-06-03,877994,392757,slug
Alexis Mac Allister,Liverpool FC,Premier League,27.4,Midfielder,2675,37,2,4,12,36,53,1.579,5,70.0,25/26,2026-06-03,895324,534033,slug
Jurriën Timber,Arsenal,Premier League,25.0,Defender,2457,30,3,5,7,27,66,2.237,1,70.0,25/26,2026-06-03,958959,420243,slug
Joško Gvardiol,Manchester City,Premier League,24.4,Defender,1374,18,2,2,6,6,18,2.053,2,70.0,25/26,2026-06-03,964994,475959,slug
Adam Wharton,Crystal Palace,Premier League,22.3,Midfielder,2562,34,1,5,6,44,70,1.184,15,70.0,25/26,2026-06-03,1109771,744149,slug
Kobbie Mainoo,Manchester United,Premier League,21.1,Midfielder,1670,28,1,2,3,22,36,1.868,3,70.0,25/26,2026-06-03,1142175,820374,slug
Nico O'Reilly,Manchester City,Premier League,21.2,Defender,2648,34,5,3,15,23,68,2.053,2,70.0,25/26,2026-06-03,1142703,743413,name
Eli Junior Kroupi,Bournemouth,Premier League,19.9,Forward,1690,33,13,0,22,22,9,1.5,6,70.0,25/26,2026-06-03,1426228,955357,fuzzy 95
Martin Ødegaard,Arsenal,Premier League,27.5,Midfielder,1370,24,1,6,8,40,19,2.237,1,65.0,25/26,2026-06-03,547410,316264,name
Viktor Gyökeres,Arsenal,Premier League,28.0,Forward,2254,36,14,1,22,20,7,2.237,1,65.0,25/26,2026-06-03,804508,325443,slug
Eberechi Eze,Arsenal,Premier League,27.9,Midfielder,1900,33,7,2,20,16,19,2.237,1,65.0,25/26,2026-06-03,864921,479999,slug
Anthony Gordon,Newcastle United,Premier League,25.3,Forward,1817,26,6,2,20,26,19,1.289,12,65.0,25/26,2026-06-03,914902,503733,slug
Igor Thiago,Brentford,Premier League,24.9,Forward,3284,38,22,1,43,24,38,1.395,9,65.0,25/26,2026-06-03,1016907,739443,slug
Cody Gakpo,Liverpool FC,Premier League,27.1,Midfielder,2754,36,7,5,21,54,28,1.579,5,60.0,25/26,2026-06-03,862967,434675,slug
Pedro Neto,Chelsea,Premier League,26.2,Midfielder,2643,34,5,6,13,55,19,1.368,10,60.0,25/26,2026-06-03,879349,487465,slug
Reece James,Chelsea,Premier League,26.5,Defender,1961,29,2,4,7,27,48,1.368,10,60.0,25/26,2026-06-03,885908,472423,slug
Rayan,Bournemouth,Premier League,19.8,Midfielder,1119,15,5,2,8,14,11,1.5,6,60.0,25/26,2026-06-03,1464966,1012564,slug
Rúben Dias,Manchester City,Premier League,29.1,Defender,2149,26,2,0,4,7,13,2.053,2,55.0,25/26,2026-06-03,318941,258004,slug
Iliman Ndiaye,Everton,Premier League,26.2,Midfielder,2786,32,6,3,22,30,70,1.289,13,55.0,25/26,2026-06-03,914309,623570,slug
Riccardo Calafiori,Arsenal,Premier League,24.0,Defender,1707,26,1,2,8,9,32,2.237,1,55.0,25/26,2026-06-03,957602,502821,slug
Nick Woltemade,Newcastle United,Premier League,24.3,Forward,1939,33,8,3,13,22,24,1.289,12,55.0,25/26,2026-06-03,980623,455661,slug
Carlos Baleba,Brighton & Hove Albion,Premier League,22.4,Midfielder,1677,31,0,0,2,9,37,1.395,8,55.0,25/26,2026-06-03,1199043,973085,slug
Marc Cucurella,Chelsea,Premier League,27.9,Defender,2710,34,1,4,6,39,55,1.368,10,50.0,25/26,2026-06-03,794939,284857,slug
Rodri,Manchester City,Premier League,29.9,Midfielder,1513,21,1,0,3,25,41,2.053,2,50.0,25/26,2026-06-03,827606,357565,slug
Omar Marmoush,Manchester City,Premier League,27.3,Forward,734,21,3,3,9,12,13,2.053,2,50.0,25/26,2026-06-03,873554,445939,slug
Maxence Lacroix,Crystal Palace,Premier League,26.2,Defender,3087,35,1,2,7,7,60,1.184,15,50.0,25/26,2026-06-03,879674,434224,slug
Tijjani Reijnders,Manchester City,Premier League,27.8,Midfielder,1640,28,5,2,16,18,10,2.053,2,50.0,25/26,2026-06-03,893549,460939,slug
Mohammed Kudus,Tottenham Hotspur,Premier League,25.8,Midfielder,1545,19,2,5,9,25,29,1.079,17,50.0,25/26,2026-06-03,905163,543499,slug
Matheus Nunes,Manchester City,Premier League,27.8,Defender,2865,34,1,5,2,28,57,2.053,2,50.0,25/26,2026-06-03,945122,601883,slug
Noni Madueke,Arsenal,Premier League,24.2,Forward,1226,26,3,1,10,22,21,2.237,1,50.0,25/26,2026-06-03,966547,503987,slug
Micky van de Ven,Tottenham Hotspur,Premier League,25.1,Defender,3043,35,4,1,6,6,39,1.079,17,50.0,25/26,2026-06-03,998247,557459,slug
Piero Hincapié,Arsenal,Premier League,24.4,Defender,1792,25,1,2,2,13,48,2.237,1,50.0,25/26,2026-06-03,1002837,659813,slug
Alex Scott,Bournemouth,Premier League,22.8,Midfielder,2859,37,3,1,13,28,60,1.5,6,50.0,25/26,2026-06-03,1104986,855256,slug
Mateus Fernandes,West Ham United,Premier League,21.9,Midfielder,3024,36,3,4,8,37,103,1.026,18,50.0,25/26,2026-06-03,1142562,880245,slug
Leny Yoro,Manchester United,Premier League,20.6,Defender,1748,32,0,0,3,4,32,1.868,3,50.0,25/26,2026-06-03,1153315,923831,slug
Abdukodir Khusanov,Manchester City,Premier League,22.3,Defender,1429,21,0,0,1,6,27,2.053,2,50.0,25/26,2026-06-03,1194333,763079,slug
Murillo,Nottingham Forest,Premier League,23.9,Defender,2133,25,1,0,4,8,35,1.158,16,50.0,25/26,2026-06-03,1199282,1005649,slug
Donyell Malen,Aston Villa,Premier League,27.4,Forward,680,21,4,1,9,7,4,1.711,4,45.0,25/26,2026-05-29,803039,326029,slug
Ibrahima Konaté,Liverpool FC,Premier League,27.0,Defender,3100,36,1,0,4,8,53,1.579,5,45.0,25/26,2026-06-03,826215,357119,slug
Cristian Romero,Tottenham Hotspur,Premier League,28.1,Defender,1872,23,4,1,6,12,58,1.079,17,45.0,25/26,2026-06-03,829932,355915,slug
Gabriel Martinelli,Arsenal,Premier League,25.0,Forward,1079,30,1,4,13,13,12,2.237,1,45.0,25/26,2026-06-03,922573,655488,slug
Amadou Onana,Aston Villa,Premier League,24.8,Midfielder,1776,25,2,0,7,7,48,1.711,4,45.0,25/26,2026-06-03,923973,485706,slug
James Garner,Everton,Premier League,25.2,Midfielder,3414,38,2,7,14,56,120,1.289,13,45.0,25/26,2026-06-03,927361,505219,slug
Jan Paul van Hecke,Brighton & Hove Albion,Premier League,26.0,Defender,3211,36,3,3,10,13,53,1.395,8,45.0,25/26,2026-06-03,962012,576314,slug
Amad Diallo,Manchester United,Premier League,23.9,Midfielder,2344,32,2,3,23,41,38,1.868,3,45.0,25/26,2026-06-03,971037,536835,name
Tino Livramento,Newcastle United,Premier League,23.6,Defender,1328,17,0,1,0,11,22,1.289,12,45.0,25/26,2026-06-03,980634,503981,slug
Malick Thiaw,Newcastle United,Premier League,24.8,Defender,2964,35,4,0,14,6,44,1.289,12,45.0,25/26,2026-06-03,1014286,521964,slug
Yankuba Minteh,Brighton & Hove Albion,Premier League,21.9,Midfielder,2398,34,3,4,11,46,56,1.395,8,45.0,25/26,2026-06-03,1400106,1012534,slug
Myles Lewis-Skelly,Arsenal,Premier League,19.7,Defender,722,20,0,0,0,4,8,2.237,1,45.0,25/26,2026-06-03,1423711,890721,name
Trevoh Chalobah,Chelsea,Premier League,26.9,Defender,2782,34,3,0,5,5,35,1.368,10,40.0,25/26,2026-06-03,826134,346314,slug
Boubacar Kamara,Aston Villa,Premier League,26.5,Midfielder,1418,18,1,3,4,15,37,1.711,4,40.0,25/26,2026-06-03,826204,394327,slug
Ezri Konsa,Aston Villa,Premier League,28.6,Defender,3036,34,0,0,2,5,22,1.711,4,40.0,25/26,2026-06-03,827679,413403,slug
Ismaïla Sarr,Crystal Palace,Premier League,28.3,Forward,2176,28,9,1,21,19,18,1.184,15,40.0,25/26,2026-06-03,845286,410225,slug
Lisandro Martínez,Manchester United,Premier League,28.4,Defender,1237,18,0,0,0,5,19,1.868,3,40.0,25/26,2026-06-03,859999,480762,slug
Jørgen Strand Larsen,Crystal Palace,Premier League,26.3,Forward,2316,36,4,1,14,10,9,1.184,15,40.0,25/26,2026-06-03,876599,429983,slug
Rayan Aït-Nouri,Manchester City,Premier League,25.0,Defender,976,17,0,2,2,12,35,2.053,2,40.0,25/26,2026-06-03,931278,578391,slug
Nico González,Manchester City,Premier League,24.4,Midfielder,1575,25,1,0,2,11,42,2.053,2,40.0,25/26,2026-06-03,954056,466805,slug
Jarrad Branthwaite,Everton,Premier League,23.9,Defender,689,10,1,0,2,3,13,1.289,13,40.0,25/26,2026-06-03,979563,661053,slug
Xavi Simons,Tottenham Hotspur,Premier League,23.1,Midfielder,1769,28,2,5,10,35,34,1.079,17,40.0,25/26,2026-06-03,997183,566931,slug
João Gomes,Wolverhampton,Premier League,25.3,Midfielder,2843,35,1,1,7,16,107,0.526,20,40.0,25/26,2026-06-03,1015267,735570,slug
Andrey Santos,Chelsea,Premier League,22.1,Midfielder,1280,27,1,0,2,8,37,1.368,10,40.0,25/26,2026-06-03,1105779,743600,name
Lewis Hall,Newcastle United,Premier League,21.7,Defender,2179,30,1,1,6,25,54,1.289,12,40.0,25/26,2026-06-03,1136730,670858,slug
Michael Kayode,Brentford,Premier League,21.9,Defender,3264,37,1,1,3,36,67,1.395,9,40.0,25/26,2026-06-03,1137431,823486,slug
Cristhian Mosquera,Arsenal,Premier League,21.9,Defender,1003,20,0,0,0,5,32,2.237,1,40.0,25/26,2026-06-03,1144630,646750,slug
Jorrel Hato,Chelsea,Premier League,20.2,Defender,1159,22,0,0,0,8,36,1.368,10,40.0,25/26,2026-06-03,1153079,904802,slug
Bruno Fernandes,Manchester United,Premier League,31.7,Midfielder,3066,35,9,21,24,137,54,1.868,3,35.0,25/26,2026-06-03,288205,240306,slug
Ferdi Kadıoğlu,Brighton & Hove Albion,Premier League,26.7,Defender,3134,37,1,0,13,22,57,1.395,8,35.0,25/26,2026-06-03,825844,369316,slug
Kiernan Dewsbury-Hall,Everton,Premier League,27.7,Midfielder,2635,31,8,4,15,37,52,1.289,13,35.0,25/26,2026-06-03,861970,475188,slug
Sven Botman,Newcastle United,Premier League,26.4,Defender,1838,25,1,1,4,8,22,1.289,12,35.0,25/26,2026-06-03,910046,361093,slug
Pedro Porro,Tottenham Hotspur,Premier League,26.7,Defender,2798,34,1,2,8,56,76,1.079,17,35.0,25/26,2026-06-03,913654,553875,slug
Crysencio Summerville,West Ham United,Premier League,24.6,Midfielder,2480,31,5,2,15,28,45,1.026,18,35.0,25/26,2026-06-03,917005,474701,slug
Curtis Jones,Liverpool FC,Premier League,25.3,Midfielder,1950,34,1,2,7,21,40,1.579,5,35.0,25/26,2026-06-03,927353,433188,slug
Jeremie Frimpong,Liverpool FC,Premier League,25.5,Defender,1068,21,0,1,2,15,11,1.579,5,35.0,25/26,2026-06-03,970361,484547,slug
Jacob Ramsey,Newcastle United,Premier League,25.0,Midfielder,1465,28,2,3,4,22,41,1.289,12,35.0,25/26,2026-06-03,975937,503749,slug
Malo Gusto,Chelsea,Premier League,23.0,Defender,2267,34,2,3,6,28,53,1.368,10,35.0,25/26,2026-06-03,996958,620322,name
Evanilson,Bournemouth,Premier League,26.7,Forward,2759,36,6,1,22,31,13,1.5,6,35.0,25/26,2026-06-03,998490,711337,slug
Kevin Schade,Brentford,Premier League,24.5,Midfielder,2757,35,8,3,24,29,41,1.395,9,35.0,25/26,2026-06-03,1006387,473050,slug
Yasin Ayari,Brighton & Hove Albion,Premier League,22.7,Midfielder,1941,29,3,3,10,16,47,1.395,8,35.0,25/26,2026-06-03,1036269,667287,slug
Sávio,Manchester City,Premier League,22.1,Midfielder,846,24,1,1,11,9,9,2.053,2,35.0,25/26,2026-06-03,1046795,743591,fuzzy 83
Miloš Kerkez,Liverpool FC,Premier League,22.6,Defender,2301,34,2,1,2,26,41,1.579,5,35.0,25/26,2026-06-03,1097425,730861,slug
Dango Ouattara,Brentford,Premier League,24.3,Midfielder,2279,32,7,3,20,27,24,1.395,9,35.0,25/26,2026-06-03,1106451,823231,slug
Habib Diarra,Sunderland,Premier League,22.4,Midfielder,1407,20,2,2,8,7,14,1.421,7,35.0,25/26,2026-06-03,1128532,876631,slug
Archie Gray,Tottenham Hotspur,Premier League,20.2,Midfielder,1500,24,2,2,5,8,11,1.079,17,35.0,25/26,2026-06-03,1142335,922693,slug
Noah Sadiki,Sunderland,Premier League,21.5,Midfielder,2894,33,0,1,5,19,46,1.421,7,35.0,25/26,2026-06-03,1171539,727089,slug
Lucas Bergvall,Tottenham Hotspur,Premier League,20.3,Midfielder,979,23,1,3,5,5,22,1.079,17,35.0,25/26,2026-06-03,1391251,866246,slug
Patrick Dorgu,Manchester United,Premier League,21.6,Midfielder,1461,26,4,4,12,27,48,1.868,3,35.0,25/26,2026-06-03,1397168,926952,name
Lucas Paquetá,West Ham United,Premier League,28.7,Midfielder,1521,18,4,1,11,23,39,1.026,18,32.0,25/26,2026-05-26,839981,444523,slug
Harvey Barnes,Newcastle United,Premier League,28.5,Forward,1961,37,7,1,21,24,13,1.289,12,32.0,25/26,2026-06-03,855647,398065,slug
Conor Gallagher,Tottenham Hotspur,Premier League,26.3,Midfielder,1196,16,1,1,4,13,23,1.079,17,32.0,25/26,2026-06-03,904970,488362,slug
Sepp van den Berg,Brentford,Premier League,24.5,Defender,2761,32,0,2,7,7,23,1.395,9,32.0,25/26,2026-06-03,924378,541231,slug
Dan Ndoye,Nottingham Forest,Premier League,25.6,Midfielder,1176,24,1,1,4,14,23,1.158,16,32.0,25/26,2026-06-03,944327,365108,slug
Anthony Elanga,Newcastle United,Premier League,24.1,Forward,1338,32,0,1,4,15,14,1.289,12,32.0,25/26,2026-06-03,979232,583189,slug
Yehor Yarmoliuk,Brentford,Premier League,22.3,Midfielder,2675,37,1,2,4,15,70,1.395,9,32.0,25/26,2026-06-03,1031258,717411,fuzzy 87
Youri Tielemans,Aston Villa,Premier League,29.1,Midfielder,1862,25,0,4,7,32,58,1.711,4,30.0,25/26,2026-06-03,331737,249565,slug
Jarrod Bowen,West Ham United,Premier League,29.5,Midfielder,3405,38,9,11,28,45,50,1.026,18,30.0,25/26,2026-06-03,552884,314875,slug
Matthijs de Ligt,Manchester United,Premier League,26.8,Defender,1170,13,1,0,3,3,19,1.868,3,30.0,25/26,2026-06-03,803031,326031,slug
Diogo Dalot,Manchester United,Premier League,27.2,Defender,2616,34,1,3,6,29,53,1.868,3,30.0,25/26,2026-06-03,843200,357147,slug
Ben White,Arsenal,Premier League,28.7,Defender,713,12,0,1,1,8,15,2.237,1,30.0,25/26,2026-06-03,846036,335721,slug
Ethan Ampadu,Leeds United,Premier League,25.7,Midfielder,3123,35,1,1,6,20,81,1.237,14,30.0,25/26,2026-06-03,847097,392771,slug
Jean-Philippe Mateta,Crystal Palace,Premier League,28.9,Forward,2222,32,12,0,32,9,10,1.184,15,30.0,25/26,2026-06-03,848276,420002,slug
Callum Hudson Odoi,Nottingham Forest,Premier League,25.6,Midfielder,1849,30,3,4,10,44,14,1.158,16,30.0,25/26,2026-06-03,867442,392768,slug
Mikkel Damsgaard,Brentford,Premier League,25.9,Midfielder,2078,33,4,4,11,42,57,1.395,9,30.0,25/26,2026-06-03,907072,540941,slug
Brian Brobbey,Sunderland,Premier League,24.3,Forward,1944,31,7,1,18,15,9,1.421,7,30.0,25/26,2026-06-03,910048,473169,slug
Djed Spence,Tottenham Hotspur,Premier League,25.8,Defender,2079,30,0,0,8,10,44,1.079,17,30.0,25/26,2026-06-03,945798,483348,slug
Georginio Rutter,Brighton & Hove Albion,Premier League,24.1,Midfielder,1804,32,3,3,14,25,32,1.395,8,30.0,25/26,2026-06-03,946695,538977,slug
Nathan Collins,Brentford,Premier League,25.1,Defender,2972,35,1,2,6,11,31,1.395,9,30.0,25/26,2026-06-03,958916,469050,slug
Ian Maatsen,Aston Villa,Premier League,24.2,Defender,1615,30,0,1,5,26,43,1.711,4,30.0,25/26,2026-06-03,976263,485585,slug
Destiny Udogie,Tottenham Hotspur,Premier League,23.5,Defender,1340,20,0,1,1,12,31,1.079,17,30.0,25/26,2026-06-03,983572,556385,slug
Yéremy Pino,Crystal Palace,Premier League,23.6,Forward,2100,34,2,2,11,48,36,1.184,15,30.0,25/26,2026-06-03,984624,568157,slug
Adrien Truffert,Bournemouth,Premier League,24.5,Defender,3380,38,1,5,6,32,103,1.5,6,30.0,25/26,2026-06-03,999028,654539,name
Pape Matar Sarr,Tottenham Hotspur,Premier League,23.7,Midfielder,1399,26,2,4,6,11,33,1.079,17,30.0,25/26,2026-06-03,1002711,568693,slug
Brennan Johnson,Crystal Palace,Premier League,25.0,Forward,1752,34,2,1,5,19,29,1.184,15,30.0,25/26,2026-06-03,1085180,470607,slug
Omari Hutchinson,Nottingham Forest,Premier League,22.6,Midfielder,1694,31,1,5,11,33,22,1.158,16,30.0,25/26,2026-06-03,1090963,741238,slug
Thierno Barry,Everton,Premier League,23.6,Forward,1932,38,8,0,14,12,6,1.289,13,30.0,25/26,2026-06-03,1395746,937941,slug
Ayden Heaven,Manchester United,Premier League,19.7,Defender,938,17,0,1,0,2,22,1.868,3,30.0,25/26,2026-06-03,1445799,1078163,name
Dominic Solanke,Tottenham Hotspur,Premier League,28.7,Forward,1000,15,3,0,11,6,22,1.079,17,28.0,25/26,2026-06-03,361420,258889,slug
Nikola Milenković,Nottingham Forest,Premier League,28.6,Defender,3375,38,0,0,1,3,31,1.158,16,28.0,25/26,2026-06-03,836168,413507,slug
Calvin Bassey,Fulham,Premier League,26.4,Defender,2544,30,1,0,2,10,62,1.368,11,28.0,25/26,2026-06-03,861972,461883,slug
Valentín Castellanos,West Ham United,Premier League,27.7,Forward,1395,18,6,0,22,12,11,1.026,18,28.0,25/26,2026-06-03,877013,522784,manual
Anton Stach,Leeds United,Premier League,27.5,Midfielder,2378,29,5,3,14,63,65,1.237,14,28.0,25/26,2026-06-03,889861,344069,slug
Wesley Fofana,Chelsea,Premier League,25.5,Defender,1726,25,0,1,1,3,19,1.368,10,28.0,25/26,2026-06-03,923894,475411,slug
Neco Williams,Nottingham Forest,Premier League,25.1,Defender,3206,37,2,3,19,37,96,1.158,16,28.0,25/26,2026-06-03,927356,503680,slug
Chris Richards,Crystal Palace,Premier League,26.2,Defender,2826,33,1,0,2,9,55,1.184,15,28.0,25/26,2026-06-03,931844,578539,slug
Enzo Le Fée,Sunderland,Premier League,26.3,Midfielder,2944,36,5,6,12,53,89,1.421,7,28.0,25/26,2026-06-03,984014,633992,slug
Liam Delap,Chelsea,Premier League,23.3,Forward,1139,28,1,0,11,3,5,1.368,10,28.0,25/26,2026-06-03,997087,610849,slug
Oscar Bobb,Fulham,Premier League,22.9,Midfielder,1050,23,0,1,3,22,21,1.368,11,28.0,25/26,2026-06-03,1065216,661207,slug
Maxime Estève,Burnley,Premier League,24.0,Defender,2937,34,0,0,1,7,44,0.579,19,28.0,25/26,2026-06-03,1117223,842341,slug
William Osula,Newcastle United,Premier League,22.8,Forward,863,24,7,0,12,6,6,1.289,12,28.0,25/26,2026-06-03,1122603,609556,slug
Alejandro Garnacho,Chelsea,Premier League,21.9,Forward,1283,24,1,4,7,29,15,1.368,10,28.0,25/26,2026-06-03,1135873,811779,slug
Jack Hinshelwood,Brighton & Hove Albion,Premier League,21.1,Midfielder,1750,27,4,3,15,15,19,1.395,8,28.0,25/26,2026-06-03,1142315,867688,slug
Brajan Gruda,Brighton & Hove Albion,Premier League,22.0,Midfielder,740,18,1,1,6,16,14,1.395,8,28.0,25/26,2026-05-27,1198075,700106,name
Jaydee Canvot,Crystal Palace,Premier League,19.8,Defender,1347,20,0,0,1,3,39,1.184,15,28.0,25/26,2026-06-03,1471671,1006411,slug
El Hadji Malick Diouf,West Ham United,Premier League,21.4,Defender,2711,32,0,5,4,30,44,1.026,18,28.0,25/26,2026-06-03,1471764,1111589,name
Harry Wilson,Fulham,Premier League,29.2,Midfielder,2691,36,10,7,25,39,29,1.368,11,25.0,25/26,2026-06-03,355528,279455,slug
Ollie Watkins,Aston Villa,Premier League,30.4,Forward,2852,37,16,3,38,23,22,1.711,4,25.0,25/26,2026-06-03,555386,324358,slug
Joelinton,Newcastle United,Premier League,29.8,Midfielder,1953,27,2,1,11,17,43,1.289,12,25.0,25/26,2026-06-03,560128,333241,slug
Mikel Merino,Arsenal,Premier League,29.9,Midfielder,1035,22,4,3,8,12,26,2.237,1,25.0,25/26,2026-06-03,592010,338424,slug
Sander Berge,Fulham,Premier League,28.3,Midfielder,2911,35,0,1,3,21,57,1.368,11,25.0,25/26,2026-06-03,793167,333014,slug
Tyler Adams,Bournemouth,Premier League,27.3,Midfielder,1778,25,2,2,6,7,53,1.5,6,25.0,25/26,2026-06-03,800419,332705,slug
Marcos Senesi,Bournemouth,Premier League,29.1,Defender,3290,37,0,5,5,24,62,1.5,6,25.0,25/26,2026-06-03,830659,469781,slug
Mason Mount,Manchester United,Premier League,27.4,Midfielder,1018,23,3,0,5,14,24,1.868,3,25.0,25/26,2026-06-03,836694,346483,slug
Richarlison,Tottenham Hotspur,Premier League,29.1,Forward,1957,32,11,4,26,20,27,1.079,17,25.0,25/26,2026-06-03,840217,378710,slug
Manuel Ugarte,Manchester United,Premier League,25.1,Midfielder,900,22,0,0,1,3,46,1.868,3,25.0,25/26,2026-06-03,846425,476701,slug
Justin Kluivert,Bournemouth,Premier League,27.1,Midfielder,951,20,2,0,4,21,10,1.5,6,25.0,25/26,2026-06-03,851596,330659,slug
Noah Okafor,Leeds United,Premier League,26.0,Forward,1573,28,8,1,15,20,23,1.237,14,25.0,25/26,2026-06-03,865523,346890,slug
Vitaliy Mykolenko,Everton,Premier League,27.0,Defender,2960,33,0,1,2,23,51,1.289,13,25.0,25/26,2026-06-03,876643,404842,slug
Marcus Tavernier,Bournemouth,Premier League,27.2,Midfielder,2738,34,7,4,24,55,40,1.5,6,25.0,25/26,2026-06-03,895576,399434,slug
Evann Guessand,Crystal Palace,Premier League,24.9,Forward,933,21,1,2,6,5,24,1.184,15,25.0,25/26,2026-06-03,930245,500689,slug
Mats Wieffer,Brighton & Hove Albion,Premier League,26.5,Defender,1914,26,2,3,6,20,66,1.395,8,25.0,25/26,2026-06-03,959628,415381,slug
Bafodé Diakité,Bournemouth,Premier League,25.4,Defender,1286,18,0,0,0,3,20,1.5,6,25.0,25/26,2026-06-03,962408,463605,slug
Keane Lewis-Potter,Brentford,Premier League,25.3,Defender,1990,36,3,3,9,19,23,1.395,9,25.0,25/26,2026-06-03,972421,644401,slug
Igor Jesus,Nottingham Forest,Premier League,25.3,Forward,2320,37,6,4,21,15,24,1.158,16,25.0,25/26,2026-06-03,981619,432164,slug
Tyrick Mitchell,Crystal Palace,Premier League,26.8,Midfielder,3253,38,1,2,7,29,101,1.184,15,25.0,25/26,2026-06-03,988275,730893,slug
Conor Bradley,Liverpool FC,Premier League,22.9,Defender,932,15,0,1,0,4,19,1.579,5,25.0,25/26,2026-06-03,1008402,624258,slug
André,Wolverhampton,Premier League,24.9,Midfielder,2766,35,1,0,1,18,82,0.526,20,25.0,25/26,2026-06-03,1035996,800176,slug
Diego Gómez,Brighton & Hove Albion,Premier League,23.2,Midfielder,2136,32,5,1,14,21,78,1.395,8,25.0,25/26,2026-06-03,1065588,996897,slug
Kevin,Fulham,Premier League,23.4,Midfielder,1037,26,1,1,10,14,21,1.368,11,25.0,25/26,2026-06-03,1112879,900195,slug
Chemsdine Talbi,Sunderland,Premier League,21.1,Midfielder,1561,28,4,1,10,12,11,1.421,7,25.0,25/26,2026-06-03,1142675,743384,slug
Chris Rigg,Sunderland,Premier League,19.0,Midfielder,773,18,1,1,3,9,13,1.421,7,25.0,25/26,2026-06-03,1394089,947411,slug
Lewis Miley,Newcastle United,Premier League,20.1,Midfielder,1494,23,1,4,4,15,29,1.289,12,25.0,25/26,2026-06-03,1400650,922769,slug
Josh Acheampong,Chelsea,Premier League,20.1,Defender,700,17,1,0,2,2,11,1.368,10,25.0,25/26,2026-06-03,1403050,1004708,slug
Josh King,Fulham,Premier League,19.4,Midfielder,1310,32,1,2,11,15,27,1.368,11,25.0,25/26,2026-06-03,1546231,1011131,name
James Hill,Bournemouth,Premier League,24.4,Defender,2120,29,0,3,2,13,39,1.5,6,23.0,25/26,2026-06-03,1156586,611793,slug
Mohamed Salah,Liverpool FC,Premier League,34.0,Midfielder,2148,27,7,7,19,49,17,1.579,5,22.0,25/26,2026-06-03,159665,148455,slug
Bernardo Silva,Manchester City,Premier League,31.8,Midfielder,2890,38,2,4,7,47,54,2.053,2,22.0,25/26,2026-06-03,331209,241641,slug
Dominic Calvert-Lewin,Leeds United,Premier League,29.2,Forward,2726,35,14,1,34,20,10,1.237,14,22.0,25/26,2026-06-03,372344,306024,slug
Antonee Robinson,Fulham,Premier League,28.8,Defender,1492,22,1,0,1,22,48,1.368,11,22.0,25/26,2026-06-03,803174,349701,slug
Matty Cash,Aston Villa,Premier League,28.8,Defender,3020,35,3,3,10,31,66,1.711,4,22.0,25/26,2026-06-03,833956,425334,slug
Pascal Struijk,Leeds United,Premier League,26.8,Defender,2937,34,0,1,5,12,39,1.237,14,22.0,25/26,2026-06-03,836675,410708,slug
Ryan Sessegnon,Fulham,Premier League,26.0,Defender,1822,27,3,1,4,14,48,1.368,11,22.0,25/26,2026-06-03,836698,392775,slug
Ladislav Krejčí,Wolverhampton,Premier League,27.1,Defender,2361,28,2,1,10,9,32,0.526,20,22.0,25/26,2026-06-03,856250,345911,slug
Daniel Muñoz,Crystal Palace,Premier League,30.0,Midfielder,2403,29,4,3,13,28,74,1.184,15,22.0,25/26,2026-06-03,870360,493003,slug
Kaoru Mitoma,Brighton & Hove Albion,Premier League,29.0,Midfielder,1721,25,3,1,13,31,18,1.395,8,22.0,25/26,2026-06-03,936849,504849,slug
Jean-Clair Todibo,West Ham United,Premier League,26.4,Defender,1817,23,0,1,0,5,38,1.026,18,22.0,25/26,2026-06-03,945217,605184,slug
Brenden Aaronson,Leeds United,Premier League,25.6,Forward,2473,37,4,5,17,34,50,1.237,14,22.0,25/26,2026-06-03,973431,393323,slug
Trai Hume,Sunderland,Premier League,24.2,Defender,3037,38,2,1,7,29,67,1.421,7,22.0,25/26,2026-06-03,989034,515544,name
Maxim De Cuyper,Brighton & Hove Albion,Premier League,25.4,Defender,1443,30,2,3,6,33,23,1.395,8,22.0,25/26,2026-06-03,997152,429915,slug
Mathys Tel,Tottenham Hotspur,Premier League,21.1,Forward,1358,31,4,1,8,30,19,1.079,17,22.0,25/26,2026-06-03,1048888,801734,slug
Lesley Ugochukwu,Burnley,Premier League,22.2,Midfielder,2359,35,3,1,8,10,51,0.579,19,22.0,25/26,2026-06-03,1048916,711999,slug
Simon Adingra,Sunderland,Premier League,24.4,Midfielder,665,14,1,0,2,7,11,1.421,7,22.0,25/26,2026-06-01,1110842,658536,slug
Álex Jiménez,Bournemouth,Premier League,21.1,Defender,2330,31,1,0,4,14,69,1.5,6,22.0,25/26,2026-06-03,1184308,741257,slug
Jack Grealish,Everton,Premier League,30.7,Midfielder,1631,20,2,6,8,40,21,1.289,13,20.0,25/26,2026-06-03,189061,203460,slug
Alex Iwobi,Fulham,Premier League,30.1,Midfielder,2434,29,4,3,15,44,27,1.368,11,20.0,25/26,2026-06-03,352770,242631,slug
Joachim Andersen,Fulham,Premier League,30.0,Defender,2884,33,0,1,4,7,45,1.368,11,20.0,25/26,2026-06-03,362682,260827,slug
Rodrigo Bentancur,Tottenham Hotspur,Premier League,28.9,Midfielder,1892,26,1,1,3,10,56,1.079,17,20.0,25/26,2026-06-03,791190,354362,slug
Kevin Danso,Tottenham Hotspur,Premier League,27.7,Defender,1507,24,0,0,2,3,27,1.079,17,20.0,25/26,2026-06-03,794953,263236,slug
Gabriel Gudmundsson,Leeds United,Premier League,27.1,Defender,2642,32,0,0,3,21,65,1.237,14,20.0,25/26,2026-06-03,834308,362108,slug
Ibrahim Sangaré,Nottingham Forest,Premier League,28.5,Midfielder,2080,28,2,2,5,12,59,1.158,16,20.0,25/26,2026-06-03,843754,375885,slug
Lutsharel Geertruida,Sunderland,Premier League,25.9,Defender,1702,28,0,0,3,8,37,1.421,7,20.0,25/26,2026-06-03,856739,420210,slug
Pau Torres,Aston Villa,Premier League,29.4,Defender,1676,21,0,0,1,1,22,1.711,4,20.0,25/26,2026-06-03,864169,399776,slug
Emile Smith Rowe,Fulham,Premier League,25.8,Midfielder,1943,37,3,0,11,18,35,1.368,11,20.0,25/26,2026-06-03,867445,392765,slug
Randal Kolo Muani,Tottenham Hotspur,Premier League,27.5,Forward,1670,30,1,1,4,20,29,1.079,17,20.0,25/26,2026-06-03,871706,487969,slug
Jaka Bijol,Leeds United,Premier League,27.3,Defender,1913,25,1,2,6,7,26,1.237,14,20.0,25/26,2026-06-03,886930,371851,slug
Joshua Zirkzee,Manchester United,Premier League,25.0,Forward,666,24,2,1,9,11,9,1.868,3,20.0,25/26,2026-06-03,917007,435648,slug
Daniel Ballard,Sunderland,Premier League,26.7,Defender,2148,29,2,0,9,15,33,1.421,7,20.0,25/26,2026-06-03,958878,503686,fuzzy 88
Tolu Arokodare,Wolverhampton,Premier League,25.5,Forward,1438,33,3,1,16,12,7,0.526,20,20.0,25/26,2026-06-03,987734,683571,slug
Amine Adli,Bournemouth,Premier League,26.1,Midfielder,1106,31,3,1,9,16,36,1.5,6,20.0,25/26,2026-06-03,991478,532776,slug
Rodrigo Muniz,Fulham,Premier League,25.1,Forward,997,21,1,1,5,8,8,1.368,11,20.0,25/26,2026-06-03,1015256,735571,slug
Jaidon Anthony,Burnley,Premier League,26.5,Midfielder,2743,37,8,2,23,37,42,0.579,19,20.0,25/26,2026-06-03,1020680,684210,slug
Mateus Mané,Wolverhampton,Premier League,18.7,Forward,1799,27,3,1,17,31,28,0.526,20,20.0,25/26,2026-06-03,1899647,1230661,slug
Leandro Trossard,Arsenal,Premier League,31.5,Forward,2006,31,6,6,15,36,27,2.237,1,18.0,25/26,2026-06-03,135666,144028,slug
Kristoffer Ajer,Brentford,Premier League,28.1,Defender,1820,27,0,1,3,4,37,1.395,9,18.0,25/26,2026-06-03,576384,328658,slug
Ola Aina,Nottingham Forest,Premier League,29.7,Defender,1590,18,0,0,1,10,31,1.158,16,18.0,25/26,2026-06-03,800417,236490,slug
Samuel Chukwueze,Fulham,Premier League,27.0,Forward,1075,23,3,4,7,24,6,1.368,11,18.0,25/26,2026-06-03,822470,401922,slug
Joe Rodon,Leeds United,Premier League,28.6,Defender,2953,35,2,0,7,9,37,1.237,14,18.0,25/26,2026-06-03,828640,297212,slug
Konstantinos Mavropanos,West Ham United,Premier League,28.5,Defender,2535,31,3,0,8,4,40,1.026,18,18.0,25/26,2026-06-03,829022,415912,slug
Noussair Mazraoui,Manchester United,Premier League,28.6,Defender,1022,20,0,0,0,7,28,1.868,3,18.0,25/26,2026-06-03,847030,340456,slug
Jadon Sancho,Aston Villa,Premier League,26.2,Midfielder,891,23,0,2,3,21,7,1.711,4,18.0,25/26,2026-06-03,851100,401173,slug
Douglas Luiz,Aston Villa,Premier League,28.1,Midfielder,944,21,1,0,5,19,23,1.711,4,18.0,25/26,2026-06-03,867887,447661,slug
Wilson Isidor,Sunderland,Premier League,25.8,Forward,1173,32,6,0,17,0,11,1.421,7,18.0,25/26,2026-06-03,877980,494237,slug
Dwight McNeil,Everton,Premier League,26.5,Midfielder,1188,22,0,1,5,15,23,1.289,13,18.0,25/26,2026-06-03,935543,584769,slug
Toti Gomes,Wolverhampton,Premier League,27.4,Defender,1427,19,0,0,2,6,23,0.526,20,18.0,25/26,2026-06-03,973418,606718,fuzzy 90
Beto,Everton,Premier League,28.3,Forward,1613,37,9,1,17,12,15,1.289,13,18.0,25/26,2026-06-03,987489,595809,slug
Jake O'Brien,Everton,Premier League,25.1,Defender,3131,37,1,1,6,17,57,1.289,13,18.0,25/26,2026-06-03,998253,711544,slug
Tim Iroegbunam,Everton,Premier League,22.9,Midfielder,1505,29,0,2,1,8,68,1.289,13,18.0,25/26,2026-06-03,1085950,696589,slug
Lamare Bogarde,Aston Villa,Premier League,22.4,Midfielder,1104,28,0,0,0,2,26,1.711,4,18.0,25/26,2026-06-03,1089388,645686,slug
Pablo Felipe,West Ham United,Premier League,22.4,Forward,826,14,0,1,3,14,26,1.026,18,18.0,25/26,2026-06-03,1101174,817665,fuzzy 90
Wilson Odobert,Tottenham Hotspur,Premier League,21.5,Forward,990,24,0,2,8,20,10,1.079,17,18.0,25/26,2026-06-03,1142679,743498,slug
Soungoutou Magassa,West Ham United,Premier League,22.7,Midfielder,998,22,1,0,2,5,40,1.026,18,17.0,25/26,2026-06-03,1170560,745181,slug
Tosin Adarabioyo,Chelsea,Premier League,28.7,Defender,796,16,0,0,0,1,17,1.368,10,16.0,25/26,2026-06-03,352668,258878,slug
Nordi Mukiele,Sunderland,Premier League,28.6,Defender,2787,32,3,4,4,24,69,1.421,7,16.0,25/26,2026-06-03,780014,348026,slug
Emiliano Buendía,Aston Villa,Premier League,29.4,Midfielder,1784,36,6,2,13,30,49,1.711,4,16.0,25/26,2026-06-03,783126,321247,slug
Vitaly Janelt,Brentford,Premier League,28.1,Midfielder,1449,25,1,4,3,21,27,1.395,9,16.0,25/26,2026-06-03,814873,270171,slug
Jean-Ricner Bellegarde,Wolverhampton,Premier League,27.9,Midfielder,1251,26,1,1,7,14,28,0.526,20,16.0,25/26,2026-06-03,845273,450050,slug
Florentino Luís,Burnley,Premier League,26.8,Midfielder,2118,31,0,2,2,13,90,0.579,19,16.0,25/26,2026-06-03,855845,357162,fuzzy 90
Aaron Hickey,Brentford,Premier League,24.0,Defender,716,21,0,0,1,0,15,1.395,9,16.0,25/26,2026-06-03,966869,591949,slug
Emmanuel Agbadou,Wolverhampton,Premier League,28.9,Defender,1101,14,0,0,3,4,32,0.526,20,16.0,25/26,2026-05-21,1013842,683895,slug
Merlin Röhl,Everton,Premier League,23.9,Midfielder,694,16,1,0,1,6,25,1.289,13,16.0,25/26,2026-06-03,1064082,608832,slug
Eliezer Mayenda,Sunderland,Premier League,21.1,Forward,770,20,2,0,6,4,5,1.421,7,16.0,25/26,2026-06-03,1168588,967346,slug
Quilindschy Hartman,Burnley,Premier League,24.6,Defender,1830,21,0,5,3,20,52,0.579,19,16.0,25/26,2026-06-03,1392044,514285,slug
Virgil van Dijk,Liverpool FC,Premier League,34.9,Defender,3420,38,6,0,14,12,22,1.579,5,15.0,25/26,2026-06-03,151545,139208,slug
João Palhinha,Tottenham Hotspur,Premier League,30.9,Midfielder,2197,33,5,2,9,8,110,1.079,17,15.0,25/26,2026-06-03,364612,257455,slug
Olivier Boscagli,Brighton & Hove Albion,Premier League,28.5,Defender,819,12,0,1,0,4,16,1.395,8,15.0,25/26,2026-06-03,788784,318508,slug
Axel Disasi,West Ham United,Premier League,28.2,Defender,1255,14,0,0,3,1,14,1.026,18,15.0,25/26,2026-06-03,827243,386047,slug
Jhon Arias,Wolverhampton,Premier League,28.7,Midfielder,1121,23,1,0,3,11,43,0.526,20,15.0,25/26,2026-05-26,844096,588989,slug
Aaron Wan-Bissaka,West Ham United,Premier League,28.5,Defender,2084,25,0,2,0,18,33,1.026,18,15.0,25/26,2026-06-03,863653,477758,slug
Sean Longstaff,Leeds United,Premier League,28.6,Midfielder,1046,23,2,2,4,25,38,1.237,14,15.0,25/26,2026-06-03,866191,346707,slug
Nicolás Domínguez,Nottingham Forest,Premier League,27.9,Midfielder,1193,27,1,1,5,12,56,1.158,16,15.0,25/26,2026-06-03,871765,497291,slug
Marshall Munetsi,Wolverhampton,Premier League,29.9,Midfielder,877,13,1,1,6,3,21,0.526,20,15.0,25/26,2026-06-01,894733,414908,slug
Jayden Bogle,Leeds United,Premier League,25.9,Midfielder,2809,34,1,2,4,21,66,1.237,14,15.0,25/26,2026-06-03,929132,465717,slug
Rodrigo Gomes,Wolverhampton,Premier League,22.9,Midfielder,978,22,3,0,6,4,23,0.526,20,15.0,25/26,2026-06-03,1006073,667121,name
Hannibal Mejbri,Burnley,Premier League,23.4,Midfielder,1253,27,1,4,5,21,29,0.579,19,15.0,25/26,2026-06-03,1009386,607224,fuzzy 90
Nicolò Savona,Nottingham Forest,Premier League,23.2,Defender,1026,14,2,0,3,7,20,1.158,16,15.0,25/26,2026-06-03,1010220,708072,slug
Carlos Alcaraz,Everton,Premier League,23.5,Midfielder,730,20,0,1,5,10,14,1.289,13,15.0,25/26,2026-06-03,1017392,748319,slug
Joe Willock,Newcastle United,Premier League,26.8,Midfielder,1011,24,0,2,6,14,20,1.289,12,14.0,25/26,2026-06-03,888550,340329,slug
Morato,Nottingham Forest,Premier League,24.9,Defender,1366,21,1,0,2,2,30,1.158,16,14.0,25/26,2026-06-03,985086,673492,slug
John McGinn,Aston Villa,Premier League,31.6,Midfielder,2169,30,5,4,12,41,29,1.711,4,13.0,25/26,2026-06-03,250223,193116,slug
Joe Gomez,Liverpool FC,Premier League,29.0,Defender,644,21,0,2,1,6,10,1.579,5,13.0,25/26,2026-06-03,318927,256178,slug
Rico Henry,Brentford,Premier League,28.9,Defender,1334,25,0,1,0,4,15,1.395,9,13.0,25/26,2026-06-03,599128,339556,slug
Omar Alderete,Sunderland,Premier League,29.4,Defender,2802,33,1,1,9,9,32,1.421,7,13.0,25/26,2026-06-03,805137,353032,slug
Ao Tanaka,Leeds United,Premier League,27.7,Midfielder,1326,28,2,0,5,18,27,1.237,14,13.0,25/26,2026-06-03,871886,489359,slug
Max Kilman,West Ham United,Premier League,29.0,Defender,1565,21,0,0,1,4,16,1.026,18,13.0,25/26,2026-06-03,894474,525247,fuzzy 86
Loum Tchaouna,Burnley,Premier League,22.7,Midfielder,1316,29,2,1,9,13,18,0.579,19,13.0,25/26,2026-06-03,1004505,607226,slug
Nathan Aké,Manchester City,Premier League,31.3,Defender,703,18,0,0,1,7,8,2.053,2,12.0,25/26,2026-06-03,149663,177476,slug
Jacob Murphy,Newcastle United,Premier League,31.3,Forward,1627,33,3,2,13,23,16,1.289,12,12.0,25/26,2026-06-03,372336,199527,slug
Kyle Walker-Peters,West Ham United,Premier League,29.1,Defender,1396,23,1,0,3,7,44,1.026,18,12.0,25/26,2026-06-03,823085,341051,slug
James Justin,Leeds United,Premier League,28.3,Defender,1916,29,2,1,6,12,56,1.237,14,12.0,25/26,2026-06-03,827681,413220,slug
David Brooks,Bournemouth,Premier League,28.9,Midfielder,1220,31,1,3,13,26,19,1.5,6,12.0,25/26,2026-06-03,855731,277033,slug
Zian Flemming,Burnley,Premier League,27.8,Forward,1808,29,11,0,21,10,17,0.579,19,12.0,25/26,2026-06-03,875137,411537,slug
Ilia Gruev,Leeds United,Premier League,26.1,Midfielder,1334,23,0,3,1,11,24,1.237,14,12.0,25/26,2026-06-03,911679,381753,slug
Bashir Humphreys,Burnley,Premier League,23.2,Defender,1578,20,0,0,3,9,27,0.579,19,12.0,25/26,2026-06-03,996910,612517,slug
Hugo Bueno,Wolverhampton,Premier League,23.7,Midfielder,2375,35,1,2,6,38,67,0.526,20,12.0,25/26,2026-06-03,1013928,698678,slug
Yerson Mosquera,Wolverhampton,Premier League,25.1,Defender,2142,27,0,0,6,11,62,0.526,20,12.0,25/26,2026-06-03,1014835,716276,slug
Justin Devenny,Crystal Palace,Premier League,22.6,Midfielder,830,21,1,0,4,7,25,1.184,15,12.0,25/26,2026-06-03,1084311,747009,name
Jackson Tchatchoua,Wolverhampton,Premier League,24.7,Midfielder,1855,31,0,1,1,21,29,0.526,20,12.0,25/26,2026-06-03,1096210,848509,slug
Lewis Cook,Bournemouth,Premier League,29.3,Midfielder,905,18,0,1,0,11,25,1.5,6,11.0,25/26,2026-06-03,548188,249089,slug
Saša Lukić,Fulham,Premier League,29.8,Midfielder,1734,26,1,2,6,28,49,1.368,11,10.0,25/26,2026-06-03,371222,245056,slug
Daichi Kamada,Crystal Palace,Premier League,29.8,Midfielder,1908,28,0,0,4,20,63,1.184,15,10.0,25/26,2026-06-03,794338,356141,slug
Tomáš Souček,West Ham United,Premier League,31.3,Midfielder,2215,35,5,0,14,11,43,1.026,18,10.0,25/26,2026-06-03,799041,283628,slug
Mathias Jensen,Brentford,Premier League,30.4,Midfielder,2277,36,3,1,8,35,41,1.395,9,10.0,25/26,2026-06-03,799251,319859,slug
Lukas Nmecha,Leeds United,Premier League,27.5,Forward,1092,31,6,1,16,11,12,1.237,14,10.0,25/26,2026-06-03,803185,314288,slug
Yves Bissouma,Tottenham Hotspur,Premier League,29.8,Midfielder,605,11,0,0,2,0,18,1.079,17,10.0,25/26,2026-06-03,844842,410425,slug
Santiago Bueno,Wolverhampton,Premier League,27.6,Defender,2553,29,3,1,7,10,50,0.526,20,10.0,25/26,2026-06-03,846308,438001,slug
Freddie Potts,West Ham United,Premier League,22.7,Midfielder,1167,22,0,1,1,8,29,1.026,18,10.0,25/26,2026-06-03,1089582,698164,slug
Oliver Scarles,West Ham United,Premier League,20.5,Defender,668,13,0,0,0,5,30,1.026,18,10.0,25/26,2026-06-03,1150952,922563,name
Granit Xhaka,Sunderland,Premier League,33.7,Midfielder,2903,34,1,6,5,34,50,1.421,7,8.0,25/26,2026-06-03,117777,111455,slug
Harry Maguire,Manchester United,Premier League,33.2,Defender,1667,23,1,2,4,4,22,1.868,3,8.0,25/26,2026-06-03,149380,177907,slug
Luke Shaw,Manchester United,Premier League,30.9,Defender,3231,38,1,1,3,16,74,1.868,3,8.0,25/26,2026-06-03,190839,183288,slug
Kenny Tete,Fulham,Premier League,30.7,Defender,1802,22,1,0,3,11,65,1.368,11,8.0,25/26,2026-06-03,190877,206746,slug
Ryan Christie,Bournemouth,Premier League,31.3,Midfielder,986,26,2,0,8,11,27,1.5,6,8.0,25/26,2026-06-03,322391,188077,slug
Timothy Castagne,Fulham,Premier League,30.5,Defender,1872,30,0,0,6,18,40,1.368,11,8.0,25/26,2026-06-03,329417,262226,slug
Issa Diop,Fulham,Premier League,29.4,Defender,827,13,1,0,1,0,6,1.368,11,8.0,25/26,2026-06-03,825719,272622,slug
Jorge Cuenca,Fulham,Premier League,26.5,Defender,965,15,0,0,0,3,16,1.368,11,8.0,25/26,2026-06-03,868715,494880,slug
Lyle Foster,Burnley,Premier League,25.7,Forward,1372,26,3,2,6,10,16,0.579,19,8.0,25/26,2026-06-03,901907,467623,slug
David Møller Wolfe,Wolverhampton,Premier League,24.1,Defender,1061,22,0,2,0,8,10,0.526,20,8.0,25/26,2026-06-03,1031283,661427,slug
Andy Robertson,Liverpool FC,Premier League,32.2,Defender,1188,24,1,0,3,20,12,1.579,5,7.0,25/26,2026-06-03,262911,234803,fuzzy 87
Ryan Yates,Nottingham Forest,Premier League,28.5,Midfielder,629,22,0,2,2,5,16,1.158,16,7.0,25/26,2026-06-03,846252,425902,slug
Lucas Digne,Aston Villa,Premier League,32.9,Defender,1866,31,0,6,5,26,36,1.711,4,6.0,25/26,2026-06-03,96538,126664,slug
Casemiro,Manchester United,Premier League,34.3,Midfielder,2593,34,9,2,18,36,90,1.868,3,6.0,25/26,2026-06-03,122951,16306,slug
Jefferson Lerma,Crystal Palace,Premier League,31.6,Midfielder,1730,31,0,2,7,14,29,1.184,15,6.0,25/26,2026-06-03,355796,262980,slug
Adam Armstrong,Wolverhampton,Premier League,29.3,Forward,1146,14,2,2,6,6,8,0.526,20,6.0,25/26,2026-06-03,361352,250426,slug
Hwang Hee-chan,Wolverhampton,Premier League,30.4,Forward,1461,26,2,2,6,15,10,0.526,20,6.0,25/26,2026-06-03,786186,292246,fuzzy 95
Marcus Edwards,Burnley,Premier League,27.5,Forward,1073,23,1,3,6,20,11,0.579,19,6.0,25/26,2026-06-03,795066,314367,slug
Chris Wood,Nottingham Forest,Premier League,34.5,Forward,906,15,3,0,9,5,1,1.158,16,5.0,25/26,2026-06-03,50480,108725,slug
Victor Lindelöf,Aston Villa,Premier League,31.9,Defender,985,17,0,1,0,2,7,1.711,4,5.0,25/26,2026-06-03,143334,184573,slug
James Tarkowski,Everton,Premier League,33.5,Defender,3330,37,2,3,10,19,51,1.289,13,5.0,25/26,2026-06-03,145188,173504,name
James Ward-Prowse,Burnley,Premier League,31.6,Midfielder,1109,18,0,1,2,23,16,0.579,19,5.0,25/26,2026-06-03,161717,181579,slug
Will Hughes,Crystal Palace,Premier League,31.1,Midfielder,1577,31,0,0,0,21,27,1.184,15,5.0,25/26,2026-06-03,193554,207014,slug
Axel Tuanzebe,Burnley,Premier League,28.6,Defender,1202,14,1,0,1,0,14,0.579,19,5.0,25/26,2026-06-03,817979,342046,slug
Hjalmar Ekdal,Burnley,Premier League,27.6,Defender,1539,19,0,0,1,4,24,0.579,19,5.0,25/26,2026-06-03,875360,392179,slug
Armando Broja,Burnley,Premier League,24.7,Forward,874,24,1,1,6,5,6,0.579,19,5.0,25/26,2026-06-03,996985,571743,slug
Ross Barkley,Aston Villa,Premier League,32.5,Midfielder,865,21,3,1,8,10,14,1.711,4,4.0,25/26,2026-06-03,98435,131978,slug
Dan Burn,Newcastle United,Premier League,34.1,Defender,2209,29,1,2,3,7,40,1.289,12,4.0,25/26,2026-06-03,99090,134270,slug
Fabian Schär,Newcastle United,Premier League,34.5,Defender,1091,16,0,0,4,4,14,1.289,12,4.0,25/26,2026-06-03,101882,135343,slug
Callum Wilson,West Ham United,Premier League,34.3,Forward,1262,32,7,1,16,8,4,1.026,18,4.0,25/26,2026-06-03,113956,123682,slug
Bertrand Traoré,Sunderland,Premier League,30.7,Forward,638,12,1,0,6,8,11,1.421,7,4.0,25/26,2026-06-03,218160,131996,slug
Josh Cullen,Burnley,Premier League,30.2,Midfielder,1519,18,2,2,6,13,31,0.579,19,4.0,25/26,2026-06-03,792122,242606,name
Jacob Bruun Larsen,Burnley,Premier League,27.7,Forward,1038,28,0,1,4,12,12,0.579,19,4.0,25/26,2026-06-03,809276,293281,slug
Reinildo Mandava,Sunderland,Premier League,32.4,Defender,1969,25,0,1,0,6,39,1.421,7,4.0,25/26,2026-06-03,831424,240692,slug
Lucas Pires,Burnley,Premier League,25.2,Defender,1406,20,0,0,4,20,29,0.579,19,4.0,25/26,2026-06-03,1136896,927768,slug
Lewis Dunk,Brighton & Hove Albion,Premier League,34.5,Defender,2844,33,1,0,3,7,35,1.395,8,3.5,25/26,2026-06-03,115365,148153,slug
Danny Welbeck,Brighton & Hove Albion,Premier League,35.5,Forward,2268,37,13,1,28,20,24,1.395,8,3.0,25/26,2026-06-03,33902,67063,slug
Michael Keane,Everton,Premier League,33.4,Defender,2619,33,3,1,7,2,36,1.289,13,3.0,25/26,2026-06-03,110846,118534,slug
Raúl Jiménez,Fulham,Premier League,35.1,Forward,2206,36,9,3,19,25,35,1.368,11,3.0,25/26,2026-06-03,192442,206040,slug
Tyrone Mings,Aston Villa,Premier League,33.2,Defender,1323,17,0,0,1,5,5,1.711,4,3.0,25/26,2026-06-03,303638,253677,slug
Pascal Groß,Brighton & Hove Albion,Premier League,35.0,Midfielder,1636,19,1,3,9,39,29,1.395,8,2.5,25/26,2026-06-03,48480,82873,name
Kyle Walker,Burnley,Premier League,36.0,Defender,3097,36,0,2,0,13,56,0.579,19,1.5,25/26,2026-06-03,44614,95424,slug
Kieran Trippier,Newcastle United,Premier League,35.7,Defender,1592,21,0,1,0,28,26,1.289,12,1.5,25/26,2026-06-03,69256,95810,slug
Joël Veltman,Brighton & Hove Albion,Premier League,34.4,Defender,1073,24,1,0,1,4,31,1.395,8,1.5,25/26,2026-06-03,219572,111195,slug
Josh Laurent,Burnley,Premier League,31.1,Midfielder,1783,33,1,0,4,12,48,0.579,19,1.5,25/26,2026-06-03,552036,314241,slug
Jordan Henderson,Brentford,Premier League,36.0,Midfielder,1929,32,1,3,1,19,27,1.395,9,1.2,25/26,2026-06-03,42694,61651,slug
Matt Doherty,Wolverhampton,Premier League,34.4,Defender,791,11,0,0,0,3,16,0.526,20,1.0,25/26,2026-06-03,143047,171679,slug
James Milner,Brighton & Hove Albion,Premier League,40.4,Midfielder,802,20,1,1,2,8,15,1.395,8,0.5,25/26,2026-06-03,791,3333,slug
Tom Cairney,Fulham,Premier League,35.4,Midfielder,805,24,2,0,2,11,7,1.368,11,0.5,25/26,2026-06-03,82566,123275,slug
Idrissa Gana Gueye,Everton,Premier League,36.7,Midfielder,2101,25,2,3,7,13,43,1.289,13,0.5,25/26,2026-06-03,106337,126665,fuzzy 95
Nathaniel Clyne,Crystal Palace,Premier League,35.2,Midfielder,604,10,0,1,0,3,16,1.184,15,0.3,25/26,2026-06-03,43215,85177,slug
Adam Smith,Bournemouth,Premier League,35.1,Defender,1095,22,0,2,0,5,15,1.5,6,0.3,25/26,2026-06-03,44566,61841,slug
